subNum,startTime,colBalance,totalTrials,totalPoints,accBeforeExclusions,accAfterExclusions,anticipations,timeouts,total_exclusions,,rt_enr,rt_high,rt_low,rt_abs,,acc_enr,acc_high,acc_low,acc_abs,,chce_enr_high,chce_enr_low,chce_high_low,,valEst_enr,valEst_high,valEst_low,,valEstRank_enr,valEstRank_high,valEstRank_low,,,,were_you_distracted,other_comments,,,rt_enr_b1,rt_enr_b2,rt_enr_b3,rt_enr_b4,rt_enr_b5,rt_enr_b6,rt_enr_b7,rt_enr_b8,rt_enr_b9,rt_enr_b10,rt_enr_b11,rt_enr_b12,rt_enr_b13,rt_enr_b14,rt_enr_b15,rt_enr_b16,rt_high_b1,rt_high_b2,rt_high_b3,rt_high_b4,rt_high_b5,rt_high_b6,rt_high_b7,rt_high_b8,rt_high_b9,rt_high_b10,rt_high_b11,rt_high_b12,rt_high_b13,rt_high_b14,rt_high_b15,rt_high_b16,rt_low_b1,rt_low_b2,rt_low_b3,rt_low_b4,rt_low_b5,rt_low_b6,rt_low_b7,rt_low_b8,rt_low_b9,rt_low_b10,rt_low_b11,rt_low_b12,rt_low_b13,rt_low_b14,rt_low_b15,rt_low_b16,rt_abs_b1,rt_abs_b2,rt_abs_b3,rt_abs_b4,rt_abs_b5,rt_abs_b6,rt_abs_b7,rt_abs_b8,rt_abs_b9,rt_abs_b10,rt_abs_b11,rt_abs_b12,rt_abs_b13,rt_abs_b14,rt_abs_b15,rt_abs_b16,,acc_enr_b1,acc_enr_b2,acc_enr_b3,acc_enr_b4,acc_enr_b5,acc_enr_b6,acc_enr_b7,acc_enr_b8,acc_enr_b9,acc_enr_b10,acc_enr_b11,acc_enr_b12,acc_enr_b13,acc_enr_b14,acc_enr_b15,acc_enr_b16,acc_high_b1,acc_high_b2,acc_high_b3,acc_high_b4,acc_high_b5,acc_high_b6,acc_high_b7,acc_high_b8,acc_high_b9,acc_high_b10,acc_high_b11,acc_high_b12,acc_high_b13,acc_high_b14,acc_high_b15,acc_high_b16,acc_low_b1,acc_low_b2,acc_low_b3,acc_low_b4,acc_low_b5,acc_low_b6,acc_low_b7,acc_low_b8,acc_low_b9,acc_low_b10,acc_low_b11,acc_low_b12,acc_low_b13,acc_low_b14,acc_low_b15,acc_low_b16,acc_abs_b1,acc_abs_b2,acc_abs_b3,acc_abs_b4,acc_abs_b5,acc_abs_b6,acc_abs_b7,acc_abs_b8,acc_abs_b9,acc_abs_b10,acc_abs_b11,acc_abs_b12,acc_abs_b13,acc_abs_b14,acc_abs_b15,acc_abs_b16
1,2021-06-21_21:23:28,3,640,17257,0.495312,0.547406,39,10,49,,513.732895,481.275641,563.275309,565.809859,,0.546763,0.549296,0.566434,0.525926,,0,0,0.5,,14,13,12,,1,2,3,,,,watching tv;,long,,,483.333333,397.316667,362.3,391.28,471.557143,342.05,629.1,966.1,511.475,512.1,683.983333,540.04,487.633333,471.075,488.8,627.642857,322.442857,225.9,385.325,353.7,430.2,320.133333,650.74,506.85,321.15,700.16,599.55,659.983333,563.32,444.575,521.144444,503.133333,676.4,450.9375,409.65,488.133333,620.875,571.54,539.583333,368.575,516.128571,893.033333,691.775,567.68,478.485714,504.05,519.5,360.1,247.1,595.85,596.4,425.7,343.433333,475.9,486.166667,697.466667,652.94,942.48,604.4,422.325,516.233333,529.5,636.82,556.975,,0.333333,0.75,0.625,0.625,0.777778,0.6,0.111111,0.571429,0.444444,0.555556,0.6,0.5,0.375,0.5,0.555556,0.875,0.777778,0.25,0.4,0.444444,0.444444,0.666667,0.625,0.666667,0.5,0.5,0.444444,0.666667,0.5,0.444444,1,0.428571,0.625,0.8,0.222222,0.375,0.444444,0.625,0.666667,0.571429,0.7,0.9,0.444444,0.5,0.777778,0.444444,0.5,0.375,0.25,0.666667,0.444444,0.444444,0.375,0.555556,0.375,0.428571,0.5,0.625,0.7,0.571429,0.666667,0.555556,0.625,0.571429
2,2021-06-22_00:14:57,2,640,130546,0.945313,0.945724,0,0,0,,630.561333,588.00137,606.201504,556.569863,,0.955414,0.979866,0.898649,0.948052,,1,0,0,,360,360,40,,1.5,1.5,3,,,,Yes; from surroundings;,Experiment was long and I couldn't keep my gaze at the screen for long periods of time.,,,757.677778,659.477778,601.65,700.722222,576.61,666.88,621.41,752.633333,642.877778,513.677778,585.96,652.822222,576.155556,592.03,583.877778,619.944444,628.36,581.04,574.6,614.433333,524.288889,549.728571,612.722222,583.411111,581.38,594.12,545.575,607.26,597.72,607.975,584.81,601.588889,736.277778,581.966667,603.725,595,636.425,619.62,672.611111,560.533333,553.133333,547.9875,578.085714,636.157143,646.516667,594.38,573.6125,567.366667,612.914286,533.06,530.75,536.41,526.6,529.866667,557.0125,556.38,566.911111,505.3875,630.255556,651.4,536.4625,575,539.266667,520.577778,,0.9,1,1,0.9,1,1,1,0.9,0.9,0.9,1,1,0.9,1,1,0.9,1,1,0.888889,1,1,0.875,1,1,1,1,0.888889,1,1,1,1,1,1,1,0.888889,0.777778,0.888889,1,0.9,1,1,0.888889,0.7,0.777778,0.75,1,0.888889,0.9,0.777778,1,1,1,1,0.9,0.888889,1,1,0.888889,1,1,0.8,1,0.9,1
3,2021-06-22_20:22:25,1,640,101019,0.90625,0.912541,0,2,2,,704.41791,695.333333,691.578472,663.924286,,0.875817,0.90604,0.935065,0.933333,,0.5,1,1,,360,330,36,,1,2,3,,,,I didn't get distracted through the experiment; but every time when starting a new block I often cant focus as quickly. ;,it's one of the most interesting experiments I've done so far!,,,773.6,757.79,794.357143,766.533333,706.75,756.844444,706.025,663.122222,699.7,556.82,713.388889,729.775,710.2,610.3125,648.7,709.13,795.8375,672.722222,676.033333,700.25,648.442857,762.375,664.9625,646.544444,737.811111,662.375,642.975,689.216667,734.455556,652.9625,716.75,707.288889,715.5,738.477778,732.677778,704.071429,717.67,710.155556,746.76,718.55,662.6,598.322222,682.788889,689.577778,613.933333,632.322222,763.4625,622.285714,740.711111,700.5625,658.477778,690.322222,618.114286,796.875,645.322222,624.355556,612.844444,625.855556,656.885714,674.83,663.366667,661.7125,673.12,592.04,,0.75,1,0.7,0.9,0.8,0.9,0.8,1,0.777778,1,0.9,0.888889,0.9,0.888889,0.777778,1,0.8,1,1,1,0.875,0.888889,0.888889,1,1,0.8,0.8,0.6,1,0.888889,1,1,1,0.9,0.9,0.777778,1,0.9,1,1,1,1,0.9,1,0.9,1,0.888889,0.777778,0.9,0.888889,1,1,0.7,1,1,0.9,0.9,1,0.875,1,1,0.8,1,1
4,2021-06-23_17:38:17,4,640,144648,0.9625,0.962171,0,0,0,,561.096622,551.249655,555.902703,541.35625,,0.973684,0.960265,0.973684,0.941176,,1,1,1,,400,380,40,,1,2,3,,,,no;,no,,,560.277778,623.066667,556.255556,544.333333,588.63,551.7125,627.78,554.09,540.18,559.23,516.233333,581.4,506.42,542.344444,511.3625,606.577778,596.044444,571.977778,603.11,507.72,622.175,605.777778,571.322222,536.7625,546.8,534.69,577.59,508.57,518.525,487.577778,482.688889,554.375,702.66,552.088889,555.277778,597.525,648.111111,556.77,606.15,500.78,546.95,532.6625,520.78,543.833333,521.822222,520.522222,502.22,500.64,545.825,515.1125,529.122222,589.355556,630.34,653.822222,577.622222,534.788889,494.1,533.4875,526.011111,510.355556,476.93,516.444444,503.622222,521,,0.9,0.9,1,0.9,1,1,1,1,1,1,1,1,1,1,0.888889,1,1,1,1,1,1,0.9,0.9,0.888889,1,1,1,1,1,0.9,0.9,0.888889,1,1,1,0.888889,0.9,1,1,1,1,0.888889,1,1,0.9,1,1,1,0.888889,0.8,0.9,1,1,0.9,0.9,1,1,0.888889,1,0.9,1,0.9,1,1
5,2021-06-24_14:03:56,6,640,102744,0.925,0.92916,1,0,1,,737.040288,717.368116,706.644828,698.388732,,0.926667,0.890323,0.947712,0.95302,,1,1,1,,300,250,250,,1,2.5,2.5,,,,yes;,this experiment was really long and tedious; it wasnt really engaging takign me 2 hours to do,,,676.077778,669.99,704.471429,848.2875,806.677778,746.877778,687.88,759.24,812.628571,800.95,652.725,716.155556,646.375,833.4875,793.91,661.333333,775.87,752.088889,808.333333,729.983333,817.344444,681.188889,634.49,744.925,721.9,724.31,726.29,631.95,623.342857,787.0875,683,637.275,720.357143,759.566667,760.24,713.455556,752.17,674.1,650.65,742.922222,702.76,836.377778,685.4125,678.16,575.4,738.7,703.9625,614.15,652.742857,720,692.54,736.86,670.32,683.822222,662.075,790.425,725.14,672.677778,746.811111,607.975,606.155556,853.78,659.5875,648.7375,,1,1,0.777778,0.888889,1,1,1,1,0.777778,0.888889,0.888889,1,0.8,0.888889,1,0.9,1,0.9,1,0.6,1,0.9,1,0.888889,0.625,1,1,1,0.7,0.8,1,0.8,0.777778,1,1,1,1,1,1,0.9,1,1,0.888889,1,0.888889,0.888889,0.8,1,0.7,1,1,1,1,1,1,0.888889,1,0.9,0.9,0.888889,1,1,1,1
6,2021-06-24_22:38:12,4,640,80153,0.890625,0.898671,0,6,6,,850.912414,846.344275,797.832061,744.08806,,0.941558,0.86755,0.891156,0.893333,,1,0,0,,2,0,7000,,2,3,1,,,,yes I feel a little bit sleepy;,make the First part shorter,,,830.077778,956.344444,899.011111,912.49,943.11,833.766667,1029.36,982.414286,758.2,757.43,782.32,661.25,783.45,813.57,768.2125,942.885714,1070.6875,871.228571,869.05,914.922222,819.95,805.96,978.75,939.7625,917.6375,770.166667,670.88,721.4625,810.1625,898.275,853.916667,688.6125,1144.071429,937.4125,829.255556,886.011111,807.722222,747.611111,856.25,918.32,761.06,733.211111,626.377778,610.15,664.725,939.185714,788.7375,650.1375,854.39,918.2,887.8,799.4625,711.188889,721.75,975.866667,717.9875,647.355556,657.244444,701.8375,507.322222,850.514286,749.425,687.1625,593.522222,,1,0.9,0.9,1,1,1,1,0.777778,1,1,1,1,0.8,1,0.888889,0.777778,0.888889,0.777778,0.8,0.9,0.888889,1,0.888889,0.888889,0.888889,0.9,1,0.888889,0.8,0.8,0.666667,0.888889,0.7,1,1,1,1,0.9,0.888889,0.555556,1,1,1,0.8,0.888889,0.875,0.888889,0.8,1,1,0.888889,0.888889,0.9,0.888889,0.666667,0.8,0.9,1,0.888889,1,0.777778,1,0.8,0.9
7,2021-06-25_11:12:00,1,640,45082,0.39375,0.959677,0,360,360,,824.055738,850.008197,806.389831,777.391228,,0.968254,0.968254,0.983333,0.919355,,0,1,1,,300,300,25,,1.5,1.5,3,,,,Background noise; music;,Was very long,,,1026.54,908.0125,823.61,704.266667,651.8375,751.5,905.616667,     NaN,     NaN,     NaN,     NaN,     NaN,     NaN,     NaN,     NaN,     NaN,870.588889,1102.8,959.0125,710.133333,667.27,811.633333,864.185714,     NaN,     NaN,     NaN,     NaN,     NaN,     NaN,     NaN,     NaN,     NaN,811.68,865.711111,949.1625,684.766667,677.32,856.255556,858.275,     NaN,     NaN,     NaN,     NaN,     NaN,     NaN,     NaN,     NaN,     NaN,726.155556,875.471429,799.577778,727.322222,594.177778,794.5125,1033.633333,     NaN,     NaN,     NaN,     NaN,     NaN,     NaN,     NaN,     NaN,     NaN,,1,1,1,1,0.888889,1,0.857143,     NaN,     NaN,     NaN,     NaN,     NaN,     NaN,     NaN,     NaN,     NaN,1,1,0.888889,0.9,1,1,1,     NaN,     NaN,     NaN,     NaN,     NaN,     NaN,     NaN,     NaN,     NaN,1,1,1,0.9,1,1,1,     NaN,     NaN,     NaN,     NaN,     NaN,     NaN,     NaN,     NaN,     NaN,1,0.777778,0.9,1,1,0.8,1,     NaN,     NaN,     NaN,     NaN,     NaN,     NaN,     NaN,     NaN,     NaN
8,2021-06-25_12:20:37,3,640,122227,0.96875,0.970346,0,1,1,,687.160811,702.904965,656.846575,636.788312,,0.993289,0.946309,0.954248,0.987179,,1,1,0.5,,120,100,40,,1,2,3,,,,yes i was distracted;,experiment gets tedious after a while,,,854.93,719.477778,728.066667,670.06,713.34,617.9,672.244444,641.333333,626.922222,648.977778,675.977778,709.133333,661.022222,750.17,626.39,651.033333,823.1,850.6,820.8875,627.6875,743.1,724.275,691.3,635.4,677.04,693.84,662.49,654.388889,662.6,642.8875,733.12,625.766667,789.0875,637.59,703.355556,646.266667,652.925,732.8,714.033333,617.0875,692.94,570.433333,695.7625,644.74,585.2375,659.98,590.41,588.74,681.01,722.15,737.04,610.64,642.44,714.6,660.8,670.92,603.633333,582.7,591.45,645.19,560.55,569.777778,597.8875,582.4,,1,1,1,1,1,1,1,1,1,1,1,1,0.9,1,1,1,0.888889,1,0.888889,1,1,0.8,0.888889,0.9,1,1,1,1,0.9,0.888889,1,1,0.888889,1,0.9,0.9,0.888889,1,0.9,0.888889,1,1,0.888889,1,1,1,1,1,1,1,1,1,1,0.9,1,1,1,0.9,1,1,1,1,1,1
9,2021-06-25_13:54:47,6,640,111260,0.982812,0.98843,0,3,3,,790.210164,779.712215,812.193221,751.835878,,0.987013,0.986755,0.993333,0.986667,,1,1,1,,400,350,40,,1,2,3,,,,No;,I liked the reward system and the sound for the reward was more motivating/kept my attention more.,,,869.04,905.412,797.791111,828.0985,824.2565,836.399444,845.193889,812.442778,778.458,782.9205,766.7455,834.694,606.907,768.9175,648.327,762.365,820.076667,871.816667,845.5375,829.307222,841.157,818.322778,791.064,777.688333,745.388,869.70125,780.093,697.3635,736.3145,680.2945,658.890556,750.393889,976.7075,968.717,926.4025,965.786111,781.712778,847.233333,911.573,770.408,804.1285,782.8935,815.281,755.824444,608.8375,773.452,646.642222,603.635625,833.867778,785.48,814.5655,768.369,918.89,887.7405,739.688889,768.633,667.755625,850.2,726.674375,640.730556,660.895,641.343889,641.718,646.216111,,0.888889,1,1,1,1,0.9,1,1,1,1,1,1,1,1,1,1,1,1,0.888889,1,1,1,1,1,1,1,1,1,1,1,1,0.9,1,1,1,1,1,1,1,1,1,1,1,1,0.888889,1,1,1,0.9,1,1,1,1,1,1,1,1,1,1,1,1,0.9,1,1
10,2021-06-25_16:46:54,5,640,109295,0.970313,0.972039,0,0,0,,761.647368,759.340972,753.325503,742.184247,,0.974359,0.953642,0.986755,0.973333,,1,0.5,1,,900,800,900,,1.5,3,1.5,,,,Talking ;,Appreciate the medal advancement and task update,,,803.94,806.84,707.922222,676.633333,653.37,732.51,873.23,828.68,703.955556,750.01,717.87,769.455556,768.588889,834.5,705.3875,831.33,815.46,814.0375,791.422222,740.64,781.65,745.822222,800.922222,842.488889,666.666667,650.388889,662.328571,752.588889,695.244444,661.66,710.211111,986.39,879.375,769.211111,957.644444,686.575,695.31,696.422222,802.2,747.277778,746.88,658.64,760.94,710.51,721.54,687.33,797.0625,777.51,752.71,773.72,756.73,697.31,726.6375,673.9,768.966667,757.33,668.077778,731.55,691.188889,791.67,709.177778,713.9625,816.23,824.6,,1,1,1,1,1,1,1,1,1,1,1,1,0.9,0.9,0.8,1,1,0.888889,0.9,1,0.8,0.9,1,1,1,0.9,0.875,1,1,1,1,1,1,1,1,0.888889,1,1,1,1,1,1,1,1,1,1,0.888889,1,1,1,1,1,1,0.888889,0.9,1,0.9,1,0.9,1,1,1,1,1
11,2021-06-25_18:31:23,5,640,93807,0.9375,0.942244,0,2,2,,831.367347,834.661314,844.622297,816.318705,,0.954545,0.913333,0.96732,0.932886,,1,1,1,,250,200,30,,1,2,3,,,,no; I was in a room with the TV on but I had ambient music in headphones so it did not distract me #. ;,I found it pretty enjoyable and interesting! ,,,997.1,949.642857,950.944444,830.825,965.922222,778.71,855.01,823.97,766.68,756.06,820.411111,844.466667,758.35,803.26,778.27,749.55,974.816667,917.233333,844.366667,796.142857,946.375,760.544444,1075.455556,800.288889,759.8875,803.9,773.811111,817.322222,847.277778,688.755556,787.744444,802.922222,957.79,986.5375,784.175,835.2,986.3625,805.633333,881.14,871.58,769.05,826.2,909.93,793.14,759.566667,808.433333,828.01,724.088889,866.65,1047.014286,843.53,914.444444,801.466667,812.85,806.325,798.3875,753.033333,814.48,720.9,835.833333,805.09,826.522222,769.45,714.24,,0.666667,0.875,0.9,0.888889,0.9,1,1,1,1,1,1,1,1,1,1,1,0.666667,0.9,1,0.7,0.888889,0.9,1,1,0.888889,0.9,0.9,0.9,1,1,1,1,1,0.8,0.888889,1,0.888889,0.9,1,1,1,1,1,1,1,1,1,1,0.666667,0.777778,1,1,0.9,1,0.888889,0.888889,1,1,1,1,1,0.9,0.888889,1
12,2021-06-25_23:10:33,6,640,115614,0.967187,0.970395,0,0,0,,756.241333,696.272222,681.925175,633.715686,,0.974026,0.953642,0.966216,0.987097,,1,1,1,,416,324,45,,1,2,3,,,,no;,,,,737.833333,823.14,810.87,763.76,680.46,779,764.7875,673.722222,709.03,902.7,849.977778,763.344444,763.611111,725.633333,697.12,659.188889,762.7,733.4,698.25,701.822222,633.066667,667.6,761.0125,727.433333,648.111111,687.59,672.54,653.29,647.755556,685.68,701.6375,762.277778,720.975,691.1875,699.155556,737.55,666.455556,643.64,673.88,742.72,719.1625,681.328571,631.56,740.433333,650.844444,618.4,601.111111,701.7875,714.71,637.12,595.61,596.566667,617.19,603.76,670.83,672.255556,739.622222,618.36,583,613.155556,667.2625,638.77,604.94,576.61,,0.9,1,1,1,1,1,0.888889,1,1,0.9,1,1,1,1,1,0.9,1,1,1,1,1,0.875,0.888889,0.9,0.9,1,1,1,0.9,1,0.888889,0.9,1,0.888889,0.9,1,1,1,1,1,0.888889,0.875,1,1,0.9,1,1,1,1,1,1,1,1,1,1,1,1,1,1,0.9,0.888889,1,1,1
13,2021-06-26_00:14:37,3,640,129299,0.90625,0.904605,0,0,0,,561.71295,558.380292,558.416058,549.913139,,0.926667,0.913333,0.878205,0.901316,,1,1,1,,5000,4000,5000,,1.5,3,1.5,,,,no;,no,,,581.833333,575.355556,599.5,534.525,598.3875,552.875,588.5125,613.28,532.59,584.333333,526.9125,529.09,553.955556,570.675,522.077778,527.322222,620.65,534.3125,568.575,558.222222,653.44,549.711111,611.033333,519.175,545.522222,549.155556,507.7625,517.3125,547.5125,559.0875,541.277778,530.477778,659.9,497.411111,609.633333,546.777778,617.866667,578.255556,545.688889,497.422222,476.4,537.942857,526.955556,577.9,572.1,504.344444,613.77,538.116667,592.222222,540.3875,608.044444,546.288889,679.685714,538.175,573.475,570,523.775,504.866667,547.855556,529.9,530,523.144444,512.522222,502.244444,,0.666667,0.9,1,1,0.888889,0.8,0.888889,1,1,0.9,0.888889,1,1,0.888889,1,1,0.8,0.888889,0.888889,0.9,1,1,1,0.888889,0.9,1,0.888889,0.888889,0.8,0.888889,0.9,1,1,0.9,0.9,0.9,0.9,0.9,0.9,0.9,0.777778,0.777778,0.9,1,0.8,0.9,1,0.6,0.9,0.888889,1,0.9,0.777778,0.888889,0.8,1,0.888889,0.9,0.9,0.9,0.888889,0.9,1,0.9
14,2021-06-26_12:50:28,6,640,49323,0.820313,0.875657,1,36,37,,1050.304839,1117.046875,1064.747619,1021.405738,,0.885714,0.895105,0.863014,0.859155,,1,1,1,,200,150,0,,1,2,3,,,,looked around and easily distracted due to experiments duration and repetition;,,,,1009.7,855.85,888.414286,1175.375,918.385714,1174.975,1015.942857,1083.133333,889.544444,1178.957143,967.85,1284.055556,1283.3,1002.98,1005.985714,1078.1,831.65,871.03,825.6,1454.585714,948.8125,937.65,1283.322222,1179.55,1015.1,1047.033333,1215.055556,1106.63,1264.8,1242.885714,1249.983333,1286.344444,1036.3125,891.6625,670.25,1140.085714,914.225,1032.042857,1093.775,988.575,850.075,1413.571429,1117.63,1144.92,1155.69,1092.028571,1252.84,1054.8875,892.16,809.8625,867.244444,1106.014286,721.114286,1235.822222,954.1,1083.12,841.642857,1279.925,995.577778,1066.9,1320.7625,1067.788889,1106.642857,948.511111,,0.5,0.888889,0.777778,1,0.7,1,1,0.9,1,0.777778,1,1,1,1,0.875,0.9,0.5,1,0.888889,0.875,0.8,0.571429,1,1,1,0.9,0.9,1,1,1,0.75,1,0.8,0.888889,0.6,0.875,1,0.777778,0.888889,0.5,0.8,0.777778,1,1,1,0.875,1,1,0.625,0.8,1,0.875,0.7,0.9,0.9,0.625,0.777778,1,1,0.857143,1,1,0.777778,0.9
15,2021-06-26_14:32:25,2,640,106363,0.9125,0.918874,0,4,4,,720.358156,714.320863,722.879104,715.720567,,0.933775,0.914474,0.917808,0.909677,,1,1,1,,300,380,38,,2,1,3,,,,As i am self isolating and waiting for a covid result the buzzing of my phone sometimes distracted me.;,,,,940.33,706.66,856.3,654.875,816.857143,706.2125,737.8,854.688889,751.57,764.25,608.15,624.711111,587.771429,622.1375,643.7,580.6,984.875,776.788889,737.43,705.8375,698.76,782.577778,625.46,699.8,747.055556,715.514286,704.475,656.966667,662.8,686.44,599.725,654.1875,904.6375,818.277778,861.711111,782.411111,914.1625,633.2625,690.677778,757.157143,722.722222,638.675,768.3125,647.5125,674.8,594.044444,595.7375,555.6875,1083.244444,813.444444,801.855556,674.5,892.033333,679.99,681.2,716.7375,713.71,665.066667,713.755556,624.55,572.425,658.83,582.985714,528.444444,,1,1,1,1,0.875,0.8,1,0.9,1,1,1,1,0.777778,0.888889,1,0.7,0.888889,1,1,0.8,1,0.9,1,0.9,1,0.777778,1,0.9,0.777778,1,0.8,0.888889,1,1,0.9,0.9,0.8,1,0.9,1,1,0.888889,0.8,0.888889,0.9,1,0.888889,0.888889,0.9,0.9,1,0.9,1,1,0.888889,0.888889,1,0.9,0.9,0.8,0.8,1,0.777778,0.9
16,2021-06-26_23:23:43,2,80,0,0.9375,0.947368,0,0,0,,796.005556,809.427778,753.244444,668.877778,,0.947368,0.947368,0.9,1,,     NaN,     NaN,     NaN,,     NaN,     NaN,     NaN,,0,0,0,,,,,,,,837.4375,762.86,     NaN,     NaN,     NaN,     NaN,     NaN,     NaN,     NaN,     NaN,     NaN,     NaN,     NaN,     NaN,     NaN,     NaN,844.45,781.41,     NaN,     NaN,     NaN,     NaN,     NaN,     NaN,     NaN,     NaN,     NaN,     NaN,     NaN,     NaN,     NaN,     NaN,767.611111,738.877778,     NaN,     NaN,     NaN,     NaN,     NaN,     NaN,     NaN,     NaN,     NaN,     NaN,     NaN,     NaN,     NaN,     NaN,658.03,682.4375,     NaN,     NaN,     NaN,     NaN,     NaN,     NaN,     NaN,     NaN,     NaN,     NaN,     NaN,     NaN,     NaN,     NaN,,0.888889,1,     NaN,     NaN,     NaN,     NaN,     NaN,     NaN,     NaN,     NaN,     NaN,     NaN,     NaN,     NaN,     NaN,     NaN,0.888889,1,     NaN,     NaN,     NaN,     NaN,     NaN,     NaN,     NaN,     NaN,     NaN,     NaN,     NaN,     NaN,     NaN,     NaN,0.9,0.9,     NaN,     NaN,     NaN,     NaN,     NaN,     NaN,     NaN,     NaN,     NaN,     NaN,     NaN,     NaN,     NaN,     NaN,1,1,     NaN,     NaN,     NaN,     NaN,     NaN,     NaN,     NaN,     NaN,     NaN,     NaN,     NaN,     NaN,     NaN,     NaN
17,2021-06-26_23:37:09,4,640,119480,0.965625,0.966997,0,2,2,,679.529932,712.810811,654.119863,622.44,,0.967105,0.96732,0.979866,0.953947,,0,0,0.5,,40,40,40,,2,2,2,,,,yes by the songs;,,,,726.211111,812.855556,631.877778,585.64,659.577778,676.25,676.566667,772.622222,785.144444,784.775,653.611111,563.58,700.088889,611.96,583.955556,690.644444,771.93,704.77,665.67,679.144444,656.9,668.188889,796.7,906.15,767.49,737.66,680.655556,740.92,729.9625,615.983333,668.93,539.011111,657.9,642.41,603.0375,687.466667,683.25,654.288889,665.44,683.45,661.4,666.44,800.91,616.5625,615.4,621.322222,596.788889,592.744444,691.022222,582.344444,549.59,576.788889,557.69,647.855556,542.225,812.85,789.1375,691.877778,515.688889,537.47,560.4,664.677778,707.5125,554.544444,,1,1,0.9,1,1,1,1,0.9,0.9,0.888889,1,1,1,1,1,0.9,1,1,1,1,0.888889,0.9,1,1,1,1,1,1,0.888889,0.857143,1,0.9,1,1,1,1,0.8,1,1,1,1,1,1,1,1,0.9,1,1,1,1,1,0.9,1,1,0.888889,1,0.888889,1,0.9,1,0.9,1,0.8,1
18,2021-06-27_11:22:28,1,640,133179,0.925,0.921053,0,0,0,,562.275694,563.124265,574.494928,504.075352,,0.953642,0.912752,0.878981,0.940397,,0.5,1,1,,2000,2000,200,,1.5,1.5,3,,,,No;,No,,,499.777778,568.06,543.6375,531.5,554.333333,584.955556,540.99,507.78,643,622.25,601.11,515.957143,533.59,641.3875,514.344444,591.088889,527.455556,533.385714,661.366667,632.83,603.85,557.011111,546.97,506.066667,511.825,555.06,494.6875,565.55,575,648.1875,553.744444,519.142857,514.1625,503.7,548.644444,541.788889,685.64,596.35,523.6,569.777778,463.5625,564,569.125,619.975,622.842857,648.833333,651.6,552.622222,489.177778,526.0875,545.077778,481.825,518.8,514.55,515.8,479.422222,452.86,484.9,537.014286,513.7,494.1,532.055556,486.177778,505.711111,,0.9,1,0.888889,0.8,0.9,1,1,1,1,1,1,0.777778,1,1,1,1,1,0.777778,0.9,1,0.888889,1,1,1,1,1,0.888889,0.888889,0.777778,0.8,1,0.7,0.888889,0.9,1,0.9,1,1,0.888889,0.9,0.8,0.9,0.8,0.8,0.7,0.9,0.8,0.9,0.9,0.888889,0.9,1,1,1,0.888889,1,1,0.9,0.777778,1,1,0.9,0.9,1
19,2021-06-27_13:35:25,2,640,55172,0.792188,0.838821,4,27,31,,913.735983,908.63944,892.80308,867.971944,,0.818182,0.822695,0.85034,0.863014,,1,1,1,,100,50,20,,1,2,3,,,,no;,no,,,1131.571875,749.525,1130.271429,1096.656667,811.636111,927.866429,905.94375,901.087222,960.714,776.11,929.073889,795.346667,823.402222,1123.142143,349.386667,832.48375,1093.87375,922.462,1199.701429,978.37125,922.771667,815.896111,915.6415,809.158333,825.394375,1001.323571,861.302857,973.717857,765.695,765.884286,433.90875,1000.7575,1054.3075,369.818125,1150.23,869.219375,1120.300714,976.679286,841.55125,877.0765,719.818125,840.532778,1038.507857,923.3175,1096.633125,938.368889,367.626,941.275625,949.74,661.628333,1195.985625,811.622778,790.4885,750.108333,937.9425,792.102222,827.222222,651.751429,758.924375,983.228,940.4285,1098.195,360.935,1020.855625,,0.888889,0.25,0.777778,0.75,1,0.875,1,1,1,0.9,0.9,0.666667,0.9,1,0.3,0.888889,0.8,0.625,0.875,0.8,0.9,1,1,0.75,0.888889,0.7,0.875,0.777778,0.666667,1,0.666667,0.8,0.888889,0.888889,0.9,0.888889,0.777778,1,1,1,0.888889,0.9,0.7,0.666667,0.888889,0.9,0.555556,0.8,1,0.428571,0.888889,1,1,1,1,0.9,0.9,0.875,0.888889,0.625,1,0.888889,0.4,0.888889
20,2021-06-27_13:36:45,6,640,107052,0.88125,0.879934,0,0,0,,699.426573,683.919118,666.792308,645.849206,,0.922581,0.894737,0.866667,0.834437,,1,1,1,,380,250,40,,1,2,3,,,,No;,n/a,,,716.6,771.6,769.5,662,709,819.5,663.2,620.5,629.125,733.75,699.9,619.111111,671.875,682.75,821.571429,616.333333,872,710.571429,719.5,645.5,671.555556,723.571429,670.3,669.3,640.75,739.125,687,589.1,680.5,740,650.555556,554.8,830,803.4,768.111111,631.875,647.5,771.4,647.7,621.833333,649,656.857143,604.75,547.333333,600,593.285714,603.25,601.125,769.666667,746.571429,708.111111,624.125,679.777778,737.625,672.75,616.875,670.285714,647.9,623.625,571.666667,598.571429,534.714286,529.857143,610.5,,1,1,1,0.9,0.9,1,1,1,0.8,0.888889,1,1,0.8,0.8,0.777778,0.9,0.777778,0.777778,1,1,1,0.875,1,1,0.888889,0.8,0.888889,1,1,0.8,0.9,0.555556,0.8,1,0.9,1,1,1,1,0.666667,0.666667,0.777778,0.888889,1,0.75,0.777778,0.8,0.8,0.666667,0.777778,0.9,0.8,1,0.8,1,0.888889,0.7,1,0.8,0.9,0.7,0.777778,0.777778,0.888889
21,2021-06-27_15:30:05,5,640,136894,0.960938,0.958882,0,0,0,,578.222378,598.516,575.230612,574.822378,,0.94702,0.967742,0.97351,0.94702,,0,1,1,,430,440,40,,2,1,3,,,,No;,I found at times the experiment would glitch; removing the circles and diamond from the screen. I was then unable to respond in the time. This happened about 4 times.,,,731.6875,644.866667,572.4875,611.625,608.966667,539.5375,547.29,538.366667,547.46,603.25,557.38,568.84,566.95,552.811111,588.777778,506.77,722.333333,735.61,612.38,630.1875,604.37,615.644444,563.555556,571.8,492.344444,595.09,545.44,594.8,546.51,656.333333,543.955556,547.022222,702.2,652.288889,602.93,561.577778,610.1,566.57,545.922222,569.1875,516.655556,540.8,590.466667,580.19,536.788889,568.433333,494.72,554,669.844444,599.955556,583.75,604.46,633.266667,538.33,701.775,551.777778,529.45,571.025,533.588889,530.6,541.277778,544.475,567.63,496.877778,,0.888889,1,1,0.888889,1,0.888889,1,0.9,1,0.888889,1,1,0.8,0.9,1,1,0.9,1,1,0.8,1,1,1,1,1,1,1,0.9,1,1,1,0.9,1,0.9,1,1,1,1,0.9,1,0.9,1,1,1,1,1,1,0.888889,1,1,1,1,0.9,1,0.888889,0.9,0.888889,0.8,1,1,1,0.8,1,1
22,2021-06-27_17:02:13,4,640,142112,0.9375,0.935855,0,0,0,,508.769231,520.95,527.4,513.48169,,0.94702,0.940397,0.922078,0.934211,,0.5,0.5,1,,450,420,41,,1,2,3,,,,my mind wandered because the task was so repetitive;,i did a similar task to this; so my motivation to do this was lower,,,565.7,551.1,536.277778,485.7,504.8375,516.933333,540.3,485.377778,474.51,496.0375,530.88,490.08,505.477778,482.777778,476.17,513.011111,575.155556,513.522222,541.7,503.03,501.8125,495.155556,536.22,493.744444,596.25,513.6,499.9125,535.422222,496.8,509.785714,536.92,489.99,535.0375,556.28,555.2625,527.188889,503.14,532.43,517.825,531.39,562.5375,536.042857,496.755556,473.19,489.388889,554.72,497,595.528571,540.488889,532.57,552.53,496.3625,513.98,548.428571,539.775,489.655556,508.05,480.28,511.55,510.7375,480.45,486.277778,514.8,518.277778,,0.888889,0.777778,1,1,0.8,0.9,1,1,1,0.888889,1,1,1,1,1,0.9,0.9,1,0.888889,1,1,0.9,1,1,0.888889,1,0.888889,1,0.888889,0.7,1,1,0.888889,1,0.8,0.9,1,1,0.888889,1,0.8,0.777778,0.9,1,0.9,1,1,0.875,0.9,1,1,0.8,1,0.875,0.888889,0.9,0.888889,1,0.888889,0.888889,1,1,1,0.9
23,2021-06-27_21:47:06,3,640,139682,0.946875,0.947368,0,0,0,,564.867114,579.008333,591.09375,571.459712,,0.967532,0.96,0.947368,0.914474,,1,1,1,,410,405,40,,1,2,3,,,,I took one between one of the attempts near the end.;,It was very fun :),,,715.677778,605.344444,648.366667,570.988889,600.755556,531.46,559.666667,591.83,553.7,585.11,505.1,517.61,515.13,496.242857,533.52,506.2125,695.85,693.57,618.82,599.711111,575.4,637.177778,532.2,575.4875,510.575,588.96,548.677778,533.0625,555.788889,520.96,555.666667,505.5,755.18,872.125,656.322222,586.33,623.42,593.944444,565.2,612.48,543.05,536.7,515.366667,514.666667,491.733333,494.466667,580.05,513.9375,716.62,633.2,623.3,615.544444,577.225,558.95,541.78,528.7,617.49,515.142857,540.275,524.3,475.566667,509.233333,603.057143,519.6,,1,0.9,1,1,1,1,1,1,1,1,1,1,1,0.777778,1,0.8,0.888889,1,1,1,1,0.9,0.888889,0.888889,1,1,1,0.888889,1,1,0.9,1,1,0.888889,1,1,1,1,1,1,1,0.888889,0.9,0.9,0.9,1,0.75,0.888889,1,1,1,0.9,0.888889,0.888889,1,1,1,0.777778,0.888889,0.666667,1,0.9,0.7,1
24,2021-06-28_02:23:58,1,640,121580,0.91875,0.920923,1,0,1,,604.20292,593.378472,586.262687,555.759722,,0.88961,0.929032,0.917808,0.947368,,1,1,1,,5,3,2,,1,2,3,,,,I did this ar 3 in the morning so I was some what tired;,,,,742.144444,635.3,697.4,664.077778,598.571429,575.733333,605.6875,539.485714,550.6,572.255556,601.055556,633.2,490.188889,607.93,601.577778,551.2125,813.355556,626.8,650.466667,606.611111,586.575,591.455556,599.625,566.011111,514.542857,529.97,599.188889,593.56,546.73,554.11,564.188889,549.855556,737.82,687.5625,626.088889,556.2,587.614286,550.9875,564.385714,532.375,551.066667,576.622222,626.544444,559.666667,524.942857,580.555556,516.2625,556.711111,704.4,561.89,599.522222,589.73,565.611111,542.488889,547.655556,507.211111,504.83,542.988889,611.6125,560.866667,533.9875,519.066667,527.89,513.522222,,1,0.8,0.7,1,0.7,0.9,0.8,0.875,0.9,1,0.9,1,0.9,1,0.9,0.888889,1,0.9,1,0.9,0.888889,0.9,0.8,0.9,0.875,1,0.9,1,1,1,0.9,0.9,1,1,0.9,0.888889,0.777778,0.888889,0.875,0.8,0.9,1,0.9,1,0.777778,1,1,1,0.7,1,1,1,0.9,1,0.9,1,1,0.9,1,1,0.888889,1,1,0.9
25,2021-06-28_10:10:54,4,640,130999,0.96875,0.970395,0,0,0,,649.888514,648.778082,622.519048,626.138926,,0.973684,0.979866,0.960784,0.967532,,0,1,1,,350,350,350,,2,2,2,,,,No; I was not distracted;,,,,642.188889,687.877778,710.02,704.577778,627.3875,627.96,643.066667,611.322222,612.41,619.944444,720.57,588.04,618.811111,661.722222,701.325,625.82,702.24,711.066667,647.788889,701.514286,639.53,634.377778,673.14,651.988889,655.43,653.8125,630.66,623.677778,584.375,648.77,577.57,651.5,637.766667,627.9625,615.88,641.2,636.38,591.022222,596.18,590.011111,646.133333,663.6,571.3,610.7,579.444444,623.8,622.01,697.511111,737.51,728.97,602.511111,594.94,628.81,633.24,705.9875,576.344444,573.75,586.15,573.244444,609.522222,640.39,631.33,552.522222,616.36,,1,1,1,0.9,1,1,1,1,1,0.9,1,1,0.9,1,0.888889,1,1,1,1,0.875,1,1,1,0.9,1,1,1,1,1,1,1,0.888889,1,0.8,1,1,1,1,1,0.9,0.9,1,1,1,0.9,0.888889,1,1,1,1,1,1,1,1,0.888889,1,0.75,1,0.9,0.9,1,1,1,1
26,2021-06-28_10:42:42,4,640,112460,0.903125,0.909539,0,0,0,,642.785211,644.136765,635.838971,574.297122,,0.910256,0.918919,0.900662,0.908497,,0,0.5,1,,350,250,40,,1,2,3,,,,yes my phone buzzed a couple time; over time it was harder to ignore the coulours;,this was good and fun well done,,,833.322222,768.33,755.877778,738.077778,687.74,582.977778,584.31,619.944444,577.588889,582.733333,618.511111,634.285714,586.257143,543.333333,548.5125,585.388889,742.114286,732.2875,678.433333,649.977778,707.322222,694.644444,609.6,569.725,628.8,600.0625,696.25,569.2375,598.02,502.7125,597.044445,731.4,780.42,721.033333,666.74,711.728571,603.575,644.522222,620.8375,583.7375,600.95,677.675,601.4125,546.416667,572.7,584.8625,618.7,593.666667,649.3375,615.26,647.344444,604.6125,545.755556,630.788889,557.55,594.48,573.022222,622.48,528.76,540.58,513.0875,509.322222,525.325,545.357143,,1,1,1,0.9,1,1,1,0.9,0.9,0.9,0.9,0.7,0.7,0.9,0.888889,0.9,0.777778,0.888889,1,0.9,0.9,1,0.888889,0.888889,1,0.888889,0.888889,0.888889,1,1,0.9,0.9,1,0.9,1,0.875,0.888889,0.9,0.888889,0.888889,1,0.888889,0.888889,0.666667,1,0.8,0.9,0.9,0.8,0.555556,0.9,0.8,1,0.9,1,1,1,1,1,1,0.888889,0.9,0.888889,0.875
27,2021-06-28_16:14:06,6,640,119737,0.95625,0.955592,0,0,0,,696.265753,694.317687,697.033103,699.466434,,0.973333,0.954545,0.960265,0.934641,,1,1,1,,430,300,40,,1,2,3,,,,No;,,,,896.3625,766.557143,946.544444,754.03,682.233333,682.01,602.55,643.933333,653.733333,671.79,711.088889,653.1,674.0375,594.922222,614.42,650.77,909.4625,726.19,882.07,667.4875,725.111111,689.5,676.444444,620.52,634.077778,625.4375,659.5,619.98,685.63,650.97,633.55,711.377778,824.74,860.655556,854.53,678.022222,684.033333,793.822222,656.344444,645.37,607.233333,689.833333,671.444444,632.6375,650.36,609.6625,605.575,640.477778,865.41,720.844444,908.7125,558.7,744.45,774.1125,727.21,629.942857,605.46,632.766667,629.7625,660.255556,755.62,575.577778,715.81,681.044444,,0.888889,0.875,1,1,1,1,1,1,1,1,1,0.9,1,0.9,1,1,0.888889,1,1,0.888889,0.9,0.9,1,1,1,1,1,1,1,1,0.8,0.9,1,0.9,1,1,0.9,1,1,1,0.9,0.9,0.9,1,1,0.888889,1,1,1,0.9,0.888889,0.9,0.888889,0.888889,1,0.777778,1,0.9,0.888889,0.9,1,1,1,1
28,2021-06-28_16:44:36,1,640,108304,0.935937,0.940594,0,2,2,,732.292517,753.271429,723.133803,682.695035,,0.942308,0.933333,0.95302,0.933775,,1,1,1,,200,300,20,,2,1,3,,,,no;,On round 15 towards the end; there was a glitch ,,,736.875,775.333333,757.333333,723.375,698.2,692.3,712.555556,741.9,722.777778,696.25,913.8,703.6,742.6,649,697.25,734,846.5,840.428571,882.777778,846,711.777778,780.625,763,695.6,716.555556,659.6,691.1,699.222222,664.888889,689.2,910.875,735.5,724.5,794.9,809.75,853.444444,742.444444,801.888889,706.3,703.666667,705.111111,677,700.8,653.666667,710.555556,663.666667,683.285714,635.9,875.5,828.75,669.875,720,662.571429,633,615.4,677.666667,671,644.444444,686.125,627.8,610.5,628,783.6,617.2,,0.8,1,1,0.888889,1,1,0.9,1,0.9,0.8,1,1,1,1,0.8,1,0.8,0.777778,0.9,0.9,0.9,0.888889,0.875,1,1,1,1,1,0.9,1,1,1,0.888889,1,0.8,1,1,1,1,1,1,0.777778,1,1,0.9,1,0.875,1,0.888889,0.8,0.888889,1,0.777778,0.9,1,1,0.8,1,1,1,1,0.9,1,1
29,2021-06-28_18:08:24,4,640,4024,0.082812,0.510204,13,497,510,,603.727273,483.153846,561.428571,721.083333,,0.458333,0.541667,0.518519,0.521739,,0,0,0,,90,700,500,,3,1,2,,,,;,,,,676.75,430.333333,660.75,     NaN,     NaN,     NaN,     NaN,     NaN,     NaN,     NaN,     NaN,     NaN,     NaN,     NaN,     NaN,     NaN,550.333333,350.666667,490.333333,636,     NaN,     NaN,     NaN,     NaN,     NaN,     NaN,     NaN,     NaN,     NaN,     NaN,     NaN,     NaN,560,468,680,     NaN,     NaN,     NaN,     NaN,     NaN,     NaN,     NaN,     NaN,     NaN,     NaN,     NaN,     NaN,     NaN,821.333333,421.75,849.75,1103,     NaN,     NaN,     NaN,     NaN,     NaN,     NaN,     NaN,     NaN,     NaN,     NaN,     NaN,     NaN,,0.8,0.333333,0.4,     NaN,     NaN,     NaN,     NaN,     NaN,     NaN,     NaN,     NaN,     NaN,     NaN,     NaN,     NaN,     NaN,0.5,0.333333,0.75,1,     NaN,     NaN,     NaN,     NaN,     NaN,     NaN,     NaN,     NaN,     NaN,     NaN,     NaN,     NaN,0.714286,0.5,0.4,     NaN,     NaN,     NaN,     NaN,     NaN,     NaN,     NaN,     NaN,     NaN,     NaN,     NaN,     NaN,     NaN,0.428571,0.5,0.571429,1,     NaN,     NaN,     NaN,     NaN,     NaN,     NaN,     NaN,     NaN,     NaN,     NaN,     NaN,     NaN
30,2021-06-29_14:32:58,6,640,126176,0.940625,0.945634,0,1,1,,616.904138,617.276761,586.591608,575.556944,,0.947712,0.934211,0.94702,0.953642,,0.5,1,1,,400,400,38,,1.5,1.5,3,,,,no;,no,,,711.3,653.23,559.46,764.522222,762.5,566.622222,660.7,567.688889,550.877778,564.18,596.2875,549.922222,623.26,596.6875,536.344444,596.2375,620.133333,708.011111,732.175,679.6,703.988889,712.011111,591.69,648.583333,681.3,532.188889,576.988889,543.566667,524.022222,520.7625,586.277778,532.9,685.733333,632.74,618.155556,594.3,616.075,594.933333,559.6,554.91,588.4,593.8,658.04,572.4,502.033333,536.211111,519.04,564.411111,599.855556,670.3,564.4125,667.15,648.49,708.214286,579.2125,564.63,536.11,537.89,599.533333,483.655556,524.35,528.33,520.4125,507.98,,0.9,1,1,0.9,1,0.9,1,0.9,1,1,0.888889,0.9,1,1,0.9,0.888889,1,0.9,0.8,1,0.9,1,1,0.75,1,1,1,0.9,1,0.8,0.9,1,0.9,1,1,0.5,1,1,0.9,1,1,1,1,1,0.9,0.9,1,1,1,1,0.888889,1,1,0.7,0.888889,1,1,1,0.9,1,0.888889,1,1,1
31,2021-06-29_18:57:27,5,640,94645,0.934375,0.937294,0,2,2,,849.357143,793.678571,794.282759,729.111888,,0.933333,0.933333,0.947712,0.934641,,1,1,1,,250,300,300,,3,1.5,1.5,,,,nah not really; i just had to adjust glasses in between give my fingers and forearm a break;,i hate pressure and competing with others haha bc it puts a lot of unnecessary stress on me; so i felt stressed when doing this. but hey i need those free marks amirite,,,1124.714286,917.555556,719.555556,890.5,841.625,835.111111,801,934,955.222222,781.5,772.125,763.555556,922.888889,870.666667,757,781.333333,925.142857,765.888889,697.555556,762.222222,826.888889,733.714286,746.5,814.6,902.625,678,766,784.777778,754.125,928.555556,734.25,878.7,814.875,908.222222,805.6,750.888889,785.666667,799.4,734.444444,774,870.666667,751.666667,688.875,713.875,801.6,862.7,844.8,763.625,866,827,752.666667,823.9,736.6,790.666667,649.666667,732.875,761.888889,637.75,700.1,632.666667,712,669.375,695.9,663.875,,1,0.9,0.9,1,0.888889,0.9,1,0.888889,0.9,1,0.888889,1,0.9,1,0.9,0.9,0.7,0.9,1,0.9,1,0.875,1,1,0.888889,0.888889,1,0.9,0.888889,1,1,1,0.8,1,1,0.9,0.9,1,1,0.9,1,1,0.888889,0.888889,1,1,1,0.888889,0.8,1,1,1,1,0.9,1,0.888889,0.9,0.8,1,0.9,1,0.888889,1,0.888889
32,2021-06-29_19:04:43,1,640,117551,0.884375,0.884868,0,0,0,,556.789474,547.466667,547.428571,514.79562,,0.863636,0.888158,0.886667,0.901316,,0.5,1,1,,450,421,45,,1,2,3,,,,No;,,,,525.666667,574.625,531.6,525.571429,501.285714,613.1,549.75,575.333333,590.857143,554.555556,581.222222,580.125,553.875,548.25,543,544.111111,509.333333,560.714286,499.444444,527,526.7,583.571429,566.222222,552,553.111111,587.125,539.4,551.5,566.666667,565.888889,559.555556,523.9,526.875,525.5,548.857143,592.111111,564.444444,564.333333,556.625,568.875,586.125,549.777778,538.75,502.375,558.8,526.6,536.285714,517.4,517,499.142857,533.9,487.5,518.75,495.5,507.571429,540.25,497.555556,502.9,512.5,503.625,566.555556,485.5,534.5,525.75,,0.9,0.888889,1,0.7,0.7,1,1,0.9,0.777778,0.9,0.9,0.8,0.888889,0.888889,0.7,0.9,0.666667,0.7,1,0.888889,1,0.875,0.9,0.888889,0.9,0.888889,1,1,0.6,0.9,1,1,0.888889,0.8,0.777778,1,1,0.6,0.8,0.888889,0.888889,1,1,0.8,1,1,0.777778,1,0.7,0.777778,1,0.8,0.888889,1,0.7,0.8,0.9,1,1,1,1,0.888889,1,1
33,2021-06-29_19:57:45,3,640,118012,0.954688,0.953947,0,0,0,,702.793836,702.451724,680.061111,645.641379,,0.948052,0.973154,0.947368,0.947712,,0,1,0.5,,300,400,40,,2,1,3,,,,sorta; spaced out of times;,,,,773.23,754.985714,682.87,712.18,626.09,698.511111,799.244444,650.911111,642.55,803.14,649.8,718.842857,799,692.522222,723.622222,571.62,768.42,724.166667,669.81,685.944444,616.888889,737.38,763.266667,713.133333,598.977778,658.966667,785.4125,677.09,735.777778,736.65,680.266667,694.4375,698.342857,809.377778,723.833333,681.28,677.95,597.466667,738.875,547.311111,641.125,792.64,651.477778,602.033333,654.822222,652.633333,749,649.011111,798.4375,713.32,573.055556,605.844444,687.055556,619.5625,657.933333,640.855556,596.355556,627.525,742.866667,627.57,698.46,606.87,566.125,572.69,,1,0.777778,1,1,1,1,0.9,0.9,1,1,1,0.777778,0.777778,1,1,1,1,1,1,1,1,1,0.9,1,0.9,1,1,1,0.9,0.888889,1,1,0.777778,0.9,1,1,1,0.9,1,0.9,1,1,0.9,1,1,0.9,1,0.9,0.888889,1,1,1,1,0.888889,0.9,1,0.9,0.888889,0.9,1,1,1,0.8,1
34,2021-06-29_20:44:11,2,640,74679,0.885938,0.890909,2,1,3,,916.776119,877.460938,944.613139,877.585714,,0.905405,0.882759,0.867089,0.909091,,1,0.5,1,,5000,3000,1000,,1,2,3,,,,No;,No,,,759.571429,1007.142857,850.3,866.555556,829.571429,1027.444444,950.25,981.7,966.142857,967.857143,1047.333333,810.25,866.625,872.6,924.2,919.875,862.142857,919.333333,820.333333,897.375,865.125,902.625,856.111111,861.142857,872,804.6,908.375,940.1,843.25,936.875,859.857143,868.571429,940,974.9,885.875,922.571429,870,1093.714286,1029.875,783.428571,878.2,863.142857,1105.25,922.8,884.4,1040.6,889.333333,1011.1,832.666667,991.625,773.777778,771.75,849.333333,886,880.333333,882.6,880.333333,844.666667,951.25,801.875,1092.285714,881.777778,820.333333,941.5,,0.7,0.875,1,1,0.777778,0.9,0.888889,1,0.777778,0.875,0.9,0.888889,0.888889,1,1,1,0.875,0.9,0.75,0.888889,0.888889,0.8,1,0.875,0.8,1,0.888889,1,0.888889,0.888889,0.777778,0.875,0.8,1,0.8,0.7,0.8,0.875,0.8,0.7,1,0.7,0.8,1,1,1,0.9,1,0.9,0.8,0.9,0.8,0.9,0.9,0.9,1,1,0.9,0.888889,0.888889,0.777778,1,1,1
35,2021-06-29_22:53:36,5,640,135014,0.940625,0.940789,0,0,0,,563.328571,549.524828,547.567857,523.902041,,0.915033,0.960265,0.939597,0.948387,,0,1,1,,410,400,42,,1,2,3,,,,Was not using phone but had some background noise from family in the rest of the house. The noise carried. ;,I also found myself getting very tired and weary by the end.,,,658.3,592.85,571.31,587.244444,521.31,568.7,508.5375,522.81,596.728571,549.344444,532.357143,468.957143,555.244444,648.075,539.944444,569.5875,628.283333,585.32,564.057143,509.98,537.8,563.277778,548.655556,540.522222,545.644444,509.61,507.48,539.222222,529.966667,547.95,579.77,587.42,643.9,514.95,580.08,560.225,527.266667,500.071429,511.97,573.322222,573,533.4125,556.5625,534.39,521.3,527.311111,510.011111,562.63,620.7,519.488889,506.933333,504.5,513.211111,492.077778,457.333333,531.2125,552.6,567.24,518.344444,471.6,526.93,493.911111,522.17,563.933333,,1,1,1,0.9,1,0.9,0.8,1,0.777778,1,0.777778,0.777778,0.9,0.8,1,1,0.75,1,0.875,1,1,0.9,1,1,0.9,1,1,1,1,0.888889,1,1,1,0.888889,1,0.888889,0.666667,0.875,1,0.9,1,0.888889,0.888889,1,1,1,1,1,1,1,0.9,0.888889,1,0.9,1,0.888889,1,1,0.9,0.9,1,0.9,1,0.9
36,2021-06-30_09:04:36,6,640,110587,0.8375,0.847826,10,0,10,,537.351613,531.636641,524.91811,500.892,,0.855172,0.856209,0.835526,0.844595,,1,1,1,,430,390,43,,1,2,3,,,,No I wasn't; however for validity I will admit in the middle trials; I experimented with smashing buttons at the same time to see how well it would work (Not well; it turns out);,-,,,618.42,589.811111,513.8,562.585714,575.022222,591.522222,293.085714,300.4,283.414286,250.75,543.044444,554.4125,605.711111,633.285714,649.78,579.3,589.4625,553.311111,584.41,582.266667,559.89,554.3875,282.342857,288.26,320.466667,284.425,431.122222,529.144444,731.72,598.85,615.222222,608.3875,559.311111,553.055556,596.97,588.19,574.23,617.166667,279.4,298.76,299,293.025,462.0625,543.742857,522.5,604.01,570.122222,510.98,550.933333,503.844444,527.666667,555.55,599.8375,588.355556,288.75,303.18,251.4,323.52,409.316667,518.69,551.022222,505.9,574.03,470.73,,1,1,1,0.875,0.9,1,0.777778,0.571429,0.7,0.222222,1,0.888889,0.9,0.875,1,0.888889,0.888889,1,1,0.9,1,0.8,0.7,0.5,0.6,0.571429,0.9,0.9,1,1,1,0.888889,0.9,0.9,1,1,1,1,0.333333,0.5,0.6,0.4,0.8,0.777778,1,1,1,1,1,0.9,1,1,1,0.9,0.666667,0.5,0.125,0.625,0.75,1,1,0.9,1,1
37,2021-06-30_12:00:05,1,640,99905,0.93125,0.934102,0,1,1,,790.426241,776.767376,735.928058,754.15274,,0.946309,0.921569,0.914474,0.954248,,1,1,1,,6000,7000,2000,,2,1,3,,,,no;,no,,,895.31,812.255556,1036.044444,767.73,776.355556,718.6,921.3,709.3625,675.025,943.775,653.966667,644.722222,819.25,820.325,681.3875,765.2125,924.544444,919.0875,971.4375,831.06,794.788889,806.15,771.977778,739.144444,729.811111,901.688889,737.144444,676.144444,641.1,746.76,621.8375,623.3,801.97,941.2,868.555556,739.722222,892.022222,753.585714,740.2,717.84,692.544444,654.37,684.822222,665.7375,642.55,651.9,634.45,663.2,1012.6,850.34,756.5,863.433333,850.325,815.78,703.61,737.188889,684.01,664.2375,726.71,647.525,653.6,762.27,688.49,661.533333,,1,1,0.9,1,1,1,0.888889,0.888889,0.888889,0.888889,1,1,1,0.888889,0.888889,0.888889,1,0.888889,0.888889,1,1,0.888889,0.9,0.9,1,0.9,0.9,0.9,0.777778,1,0.8,1,1,0.9,0.9,1,0.9,0.777778,0.777778,1,0.9,1,1,0.8,0.8,1,0.888889,1,0.888889,1,1,1,0.8,1,1,1,1,0.888889,1,0.888889,0.888889,1,1,0.9
38,2021-06-30_14:07:01,5,640,115005,0.939063,0.940692,1,0,1,,704.719858,702.61931,695.170139,680.83617,,0.94,0.941558,0.947368,0.933775,,1,1,1,,380,400,40,,2,1,3,,,,No;,way too long,,,763.9625,646.555556,667.266667,718.61,724.244444,665.1,684.3,681.022222,679.433333,747.255556,707.14,710.6875,757.042857,669.9125,732.925,733.22,718.25,663.04,659.3625,690.58,722.52,673,732.422222,652.19,687.19,790.25,684.033333,776.477778,690.5,697.688889,730.91,665.571429,828.511111,664.488889,684.67,726.81,701.766667,659.655556,675.11,614.488889,722.05,695.3875,642.311111,723.1,629.16,725.577778,712.766667,726.188889,747.35,643.4125,629.855556,707.7875,688.56,652.15,629.6,634.63,679.42,661.29,665.47,740.3375,631.6625,726.714286,818.911111,658.922222,,0.8,1,1,1,0.9,1,0.9,1,1,1,1,1,0.7,0.888889,0.888889,1,0.666667,1,0.888889,1,1,1,1,1,1,1,1,0.9,0.888889,0.9,1,0.777778,0.9,0.9,1,1,0.75,0.9,1,1,0.888889,0.888889,1,1,1,1,0.9,1,0.888889,0.888889,0.9,1,1,0.888889,1,1,1,1,1,0.8,0.888889,0.777778,1,0.9
39,2021-06-30_18:22:17,2,640,115000,0.920312,0.917628,0,1,1,,678.201399,659.924265,648.683688,606.543066,,0.94702,0.900662,0.927632,0.895425,,0.5,1,1,,350,400,30,,2,1,3,,,,no;,no,,,736.89,888.8875,705.022222,718.055556,644.377778,655.0125,601.2,633.644444,757.34,679.6375,697.65,652.855556,712.04,586.188889,650.33,530.711111,823.333333,657.35,752.01,614.2,789.444444,607.688889,575.9875,620.675,673.49,606.557143,643.144444,680.95,717.511111,543.511111,611.211111,572.15,710.62,686.842857,708.11,767.05,617.8375,584.71,638.485714,649.23,564.1,638.46,600.19,759.544444,710.888889,596.31,569.888889,634.5,690.425,613.471429,702.3,619.033333,614.1,591.755556,662.89,580.1375,573.511111,650.11,589.0375,549.611111,559.8625,649.977778,533.125,528.155556,,1,0.888889,1,0.9,1,0.888889,0.888889,0.9,1,0.8,0.888889,1,1,1,1,1,0.9,0.888889,1,0.888889,0.9,1,0.8,0.8,1,0.875,1,0.888889,0.9,1,0.9,0.666667,0.625,0.7,1,0.888889,0.888889,1,0.777778,1,1,1,1,0.9,1,1,1,1,0.8,0.7,0.777778,0.9,0.9,0.9,1,1,1,1,0.8,1,0.888889,0.9,0.888889,0.9
40,2021-06-30_19:45:29,3,640,133890,0.946875,0.944079,0,0,0,,574.228571,576.724638,573.691429,556.090604,,0.948387,0.926174,0.945946,0.955128,,0.5,1,1,,400,420,40,,2,1,3,,,,No distractions;,It was a little long but it was fun,,,709.7,704.78,611.87,588.211111,528.81,577.411111,587.122222,638.76,563.671429,524.444444,518.97,529.35,522.322222,550.49,471.1875,514.688889,768.59,711.011111,593.088889,577.1375,561.877778,553.966667,549.266667,578.65,513.41,574.99,533.55,517.3125,512.366667,543.214286,540.7875,557.414286,790.711111,675.333333,663.575,619.68,567.0875,607.9625,571.188889,602.37,517.6375,623.1375,496.977778,480.033333,494.5,478.255556,505.666667,480.177778,687.914286,605.233333,602.188889,580.688889,604.04,634.63,510.56,612.133333,534.51,531.55,538.666667,535.16,507.2,512.78,455.066667,477.688889,,1,1,1,1,1,1,1,1,0.777778,0.9,1,0.8,1,1,0.8,0.9,1,1,0.9,0.888889,1,0.9,1,0.888889,1,1,0.888889,1,0.9,0.777778,0.888889,0.777778,1,0.9,0.888889,1,0.888889,0.888889,0.9,1,0.888889,1,1,0.9,0.888889,1,1,1,0.777778,1,1,0.9,1,1,1,1,1,1,0.9,1,0.9,1,0.9,0.9
41,2021-06-30_19:50:43,4,640,103910,0.996875,0.996711,0,0,0,,840.973333,806.451613,830.369128,823.223684,,0.986842,1,1,1,,0,0.5,0,,30,300,200,,3,1,2,,,,listening to music in the background!;,Good - quite lengthy,,,917.1,787.75,911.9,923.1,845.9,818.5,833.5,899.4,744.6,850,770.888889,890.777778,766.75,893.875,776,803,847.9,793.7,800.9,851.777778,859.6,786.222222,748.5,902.8,874.875,803,784.8,827.5,823.2,729.8,734.5,750,777.111111,796.2,820.625,880.4,837.555556,868.5,790.777778,941,981.1,826.3,875.25,815.2,810,749.4,725.888889,782.888889,770.222222,802.4,821.1,859.888889,765.666667,782.222222,779.222222,843,931,782.3,925.8,846,851.8,781.4,828.5,785.666667,,1,1,1,1,1,1,1,1,1,1,0.9,1,0.888889,1,1,1,1,1,1,1,1,1,1,1,1,1,1,1,1,1,1,1,1,1,1,1,1,1,1,1,1,1,1,1,1,1,1,1,1,1,1,1,1,1,1,1,1,1,1,1,1,1,1,1
42,2021-06-30_23:38:35,2,640,101492,0.873437,0.881188,0,2,2,,654.041135,660.983969,645.888636,650.73,,0.915584,0.86755,0.857143,0.884354,,1,0.5,0,,450,400,400,,1,2.5,2.5,,,,yea music was the only thing hyping me up throughout the whole experiment.;,why so many rounds?,,,888.69,763.488889,732.555556,598.044444,587.85,711.544444,628.371429,595.944444,695.1625,607.166667,604.95,561.61,648.1125,621.3,572.5375,622.577778,740.571429,719.422222,678.277778,590.042857,655.055556,679.285714,577.0125,636.175,753.15,849.075,584.525,618.5875,611.685714,652.8,624.777778,591.59,878.2,779.411111,610.188889,563.1,625.875,670.733333,618.4125,601.1625,710.42,637.628571,637.09,603.2,537.633333,628.36,635.955556,587.228571,951.725,680.777778,740.5125,613.675,579.0625,640.11,602.7875,573.0375,563.6125,599.922222,640.86,658.442857,707.225,724.01,542.0375,578.075,,1,0.9,1,0.9,1,1,0.777778,0.9,0.8,1,0.8,1,0.888889,0.9,0.888889,0.9,1,0.9,0.9,0.777778,0.9,0.7,0.888889,0.888889,1,0.8,0.888889,0.8,0.7,0.777778,1,1,0.777778,1,0.9,1,0.888889,1,0.8,0.8,1,0.7,1,1,0.6,0.555556,0.9,0.777778,0.8,1,0.888889,0.888889,0.888889,1,0.8,0.888889,1,1,0.555556,0.875,0.888889,1,0.8,0.888889
43,2021-07-01_13:35:04,1,640,97685,0.998437,0.998355,0,0,0,,896.344371,854.718954,863.673203,806.42,,0.993421,1,1,1,,0.5,1,1,,339,339,17,,1.5,1.5,3,,,,No;,No,,,1107.555556,1060.3,903.9,893.875,870.8,860.222222,915.333333,770.666667,896.444444,969.555556,783.4,981.4,820,859.6,903.9,742.888889,949.888889,929.6,793.125,832.7,973.8,885.4,918.2,852.1,853,804.7,903.666667,782.2,758.555556,782.888889,864.4,767.888889,1042.6,962,937.3,848.1,916.875,900.7,880.555556,767.888889,806.3,781.9,850.7,805.555556,798.8,897.666667,825.7,806.3,923.1,969.666667,818.8,779.7,808.2,788.125,720.9,827.8,838.666667,801.888889,821.888889,726.666667,651.888889,837.2,765.875,807.8,,1,1,1,1,1,0.9,1,1,1,1,1,1,1,1,1,1,1,1,1,1,1,1,1,1,1,1,1,1,1,1,1,1,1,1,1,1,1,1,1,1,1,1,1,1,1,1,1,1,1,1,1,1,1,1,1,1,1,1,1,1,1,1,1,1
44,2021-07-08_15:29:54,6,640,136592,0.985938,0.985197,0,0,0,,612.195455,604.539189,584.206164,570.708609,,0.993548,0.961039,0.986486,1,,0.5,0,0,,400,350,40,,1,2,3,,,,My mon tried to have conversation with me.;,Too bored in the end.,,,684.32,660.06,625.77,595.52,590.977778,606.911111,602.37,529.12,567.12,518.38,630.8625,718.31,592.31,639.622222,669.21,563.188889,710.12,665.25,637.5,632.18,609.51,619,554.033333,548.555556,554.5,575.388889,561.5,630.488889,597.544444,592.79,640.65,539.8125,687.5125,639.866667,568.677778,605.975,603.79,609.63,510.55,578.81,589.575,514.3625,571.62,609.2,535.444444,550.311111,611.111111,570,664.31,639.37,533.022222,567.5,549.777778,565.411111,559.244444,555.8625,524.06,498.61,647.633333,568.244444,581.19,525.877778,628.08,515.6,,1,1,1,1,1,1,1,1,1,1,0.888889,1,1,1,1,1,1,0.888889,1,1,1,0.9,1,0.9,1,1,1,1,1,1,0.888889,0.8,1,1,1,1,1,1,1,1,1,0.888889,1,1,1,0.9,1,1,1,1,1,1,1,1,1,1,1,1,1,1,1,1,1,1
45,2021-07-08_17:14:42,6,640,119856,0.964063,0.965461,0,0,0,,721.307,703.123099,713.396051,706.724507,,1,0.946667,0.938776,0.974359,,0.5,1,1,,5000,6000,3000,,2,1,3,,,,yes; background noise that i had no control over. ;,n/a,,,746.518889,733.0095,765.3895,812.2,710.7095,633.1605,719.918,719.99375,746.5185,679.017,753.318,769.154444,663.8625,720.138,637.495556,729.1705,850.8305,688.835,742.942222,771.080556,698.700714,664.910556,771.616429,651.621,695.994444,696.017222,644.1655,644.0525,722.9125,654.855,691.3845,671.425,940.8825,705.797,722.935556,678.207778,758.658,735.646667,717.640556,627.655,768.313889,700.815,739.363571,623.601111,649.463125,815.272143,601.788571,648.171875,881.348571,703.262778,711.2835,687.296111,758.21,672.735,667.753,658.9405,906.071,738.559,688.962222,665.9005,638.328333,665.753,641.112,658.762778,,1,1,1,1,1,1,1,1,1,1,1,1,1,1,1,1,1,0.888889,1,1,0.875,1,0.777778,1,1,1,1,1,0.888889,0.7,1,1,0.8,1,1,1,1,1,1,1,1,1,0.875,1,0.8,0.875,0.777778,0.888889,0.777778,1,1,0.9,1,1,1,1,1,1,0.9,1,1,1,1,1
46,2021-07-08_20:50:12,2,640,122249,0.90625,0.906096,1,0,1,,580.455882,573.304286,580.454887,549.331915,,0.894737,0.909091,0.904762,0.915584,,0,1,1,,400,430,42,,2,1,3,,,,no;,,,,663.59,854.075,551.825,602.366667,644.4,563.4,570.92,592.2,528.04,525.328571,495.7625,497.577778,506.85,534.555556,522.028571,619.86,657.071429,652.27,579.49,587.666667,594.311111,505.3375,528.0625,573.333333,523.155556,580.825,531.9,527.13,508.65,625.5875,574.955556,615.05,726.6375,678.075,579.866667,610.825,648.544444,601.59,554.366667,573.766667,573.633333,541.311111,544.085714,512.042857,500.611111,533.122222,540.955556,567.528571,678.4375,689.45,511.644444,569.822222,572.144444,511.68,524.557143,540.133333,496.17,556.288889,469.1,542.06,512.45,606.4875,477.044444,585.671429,,1,0.888889,0.888889,1,0.888889,0.888889,1,0.7,1,0.875,0.8,0.9,0.888889,0.9,0.7,1,0.777778,1,1,0.9,0.9,0.888889,0.888889,1,0.9,0.888889,0.8,1,0.8,0.888889,0.9,1,0.8,0.888889,1,0.888889,0.9,1,0.9,1,0.75,0.9,0.777778,0.875,1,1,1,0.777778,0.888889,0.8,0.9,0.9,1,1,0.777778,0.9,1,0.9,1,1,1,0.8,1,0.777778
47,2021-07-09_18:14:22,1,640,109752,0.960938,0.962109,0,1,1,,737.788571,775.791034,731.520946,709.410596,,0.952381,0.960265,0.973684,0.961783,,1,1,1,,380,200,30,,1,2,3,,,,no;,,,,747.1,889.555556,866.2625,799.8875,775.422222,763.22,714.188889,699.775,643.766667,706.15,769.7,725.875,636.87,674.233333,674.925,726.3875,939.014286,1112.477778,886.911111,933.844444,843.57,735.81,773.166667,671.61,714.175,780.225,631.933333,693.03,705.975,621.688889,701.13,722.19,814.066667,888.6,852.34,862.32,726.3,782.2,678.855556,679.744444,712.23,701.233333,614.544444,657.4,688.555556,662.433333,640.466667,717.811111,844.811111,811.11,773.31,789.63,726.277778,766.044444,717.2,663.23,680.777778,655.266667,618.2,598.966667,718.21,592.055556,616.111111,750.75,,0.9,1,0.888889,1,1,1,0.9,0.888889,1,0.888889,1,1,1,1,0.888889,0.888889,0.875,1,1,0.9,1,1,1,1,0.8,0.8,1,1,1,1,1,1,1,0.9,1,1,1,1,1,1,1,1,1,0.9,0.9,0.9,1,1,0.9,1,1,1,1,1,1,1,1,0.9,0.9,0.9,1,0.9,0.9,1
48,2021-07-10_00:24:29,5,640,117124,0.978125,0.980231,0,1,1,,769.047192,741.387566,740.563844,704.356267,,0.986486,0.987013,0.960784,0.986842,,0,1,1,,280,350,30,,2,1,3,,,,A little bit distracted by background noise but not hugely. ;,No. ,,,931.343889,797.7385,796.7015,707.493889,726.352778,794.297,703.28375,810.15,795.099,744.3695,811.775,735.0385,731.438125,642.555625,690.819444,866.101875,866.6055,688.148,805.722222,752.907,744.970556,755.27,740.208,733.151,693.302222,816.2065,712.729375,718.675625,684.395,645.9775,800.4945,689.448,1022.9525,789.582778,720.880625,669.481,724.047778,798.867222,732.429,769.9725,670.873333,705.716875,675.8745,795.852222,704.363,754.375,771.715,651.728,757.186667,747.412778,870.180556,665.478889,706.735,679.895556,720.659,695.534444,749.8005,658.445,678.0795,581.693,614.937778,839.9205,595.99375,695.169444,,1,1,1,1,1,1,1,1,1,1,0.9,1,1,1,1,0.888889,1,1,1,1,1,1,1,1,1,1,1,0.888889,0.9,1,1,1,0.666667,1,0.8,1,0.9,1,1,1,1,1,1,1,1,1,1,1,1,1,1,1,1,1,1,1,1,1,1,1,0.9,1,0.888889,1
49,2021-07-10_22:46:14,3,640,102660,0.967187,0.967105,0,0,0,,800.25906,833.981879,808.476812,772.510526,,0.967532,0.967532,0.938776,0.993464,,0,1,1,,310,344,36,,2,1,3,,,,No I was not however it got tiring as it when on and harder to foccus;,No it was good,,,990.39,992.27,812.98,791.744444,980.6625,752.522222,805.85,701.2,730.177778,778.68,754.26,727.82,711.27,701.755556,790.233333,778.485714,1104.233333,973.775,994.544444,796.59,965.7,859.788889,825.311111,808.177778,706.74,747.622222,809.14,742.48,755.722222,804.6,710.7,773.966667,1092.3,820.6625,972.5,799.6,837.9375,845.455556,837.4375,747.38,705.525,825.25,870.1,683.775,702.177778,801.988889,770.85,712.2,958.711111,800.15,748.87,717.122222,832.633333,798.844444,832.05,697.15,636.99,763.011111,651.94,778.933333,890.633333,792.8,726.56,769.03,,1,1,1,0.9,0.888889,0.9,1,1,1,1,1,1,1,0.9,1,0.875,0.9,0.888889,1,1,1,0.9,1,1,1,1,1,1,0.9,1,1,0.9,0.875,0.888889,0.888889,0.888889,0.8,1,0.888889,1,0.888889,1,1,0.888889,1,1,1,1,0.9,1,1,1,1,1,1,1,1,1,1,1,1,1,1,1
50,2021-07-13_08:55:54,5,640,124089,0.932813,0.9375,0,0,0,,622.085075,606.583673,591.776389,581.266207,,0.899329,0.967105,0.947368,0.935484,,1,1,1,,430,410,40,,1,2,3,,,,voice;,the trial can appeal quicker,,,715.6,686.066667,583.8375,687.7125,697.63,616.633333,689.785714,644.725,599.325,594.055556,568.05,555.411111,578.8875,560.388889,544.6875,620.485714,704.9,616.2875,586.61,669.69,594.955556,600.455556,618.83,634.65,585.67,606.466667,521.77,541.7625,642.288889,585.866667,576.52,624.544444,701.677778,594.966667,649.21,623.522222,590.977778,560.96,593.644444,542.11,552.925,507.24,661.611111,561.433333,640.7125,589.0875,544.11,566.742857,702.744444,613.355556,600.54,599.65,580.7,597.685714,621.688889,590.11,535.588889,471.755556,577.855556,571.2,560.31,573.477778,553.722222,556.47,,0.9,0.9,1,0.888889,1,0.9,0.875,0.8,0.888889,1,0.888889,0.9,0.8,0.9,0.888889,0.875,1,0.888889,1,1,1,1,1,1,1,0.9,1,0.888889,1,0.9,1,0.9,1,1,1,0.9,1,1,0.9,1,0.888889,1,1,0.9,0.888889,1,1,0.7,0.9,0.9,1,0.888889,1,0.777778,0.9,1,0.9,1,0.9,0.888889,1,0.9,1,1
51,2021-07-14_13:37:10,2,80,0,0.925,0.921053,0,0,0,,729.858824,717.894118,706.947368,703.582353,,0.894737,0.894737,0.95,0.944444,,     NaN,     NaN,     NaN,,     NaN,     NaN,     NaN,,0,0,0,,,,,,,,659.255556,809.2875,     NaN,     NaN,     NaN,     NaN,     NaN,     NaN,     NaN,     NaN,     NaN,     NaN,     NaN,     NaN,     NaN,     NaN,703.728571,727.81,     NaN,     NaN,     NaN,     NaN,     NaN,     NaN,     NaN,     NaN,     NaN,     NaN,     NaN,     NaN,     NaN,     NaN,708.522222,705.53,     NaN,     NaN,     NaN,     NaN,     NaN,     NaN,     NaN,     NaN,     NaN,     NaN,     NaN,     NaN,     NaN,     NaN,723.966667,680.65,     NaN,     NaN,     NaN,     NaN,     NaN,     NaN,     NaN,     NaN,     NaN,     NaN,     NaN,     NaN,     NaN,     NaN,,0.9,0.888889,     NaN,     NaN,     NaN,     NaN,     NaN,     NaN,     NaN,     NaN,     NaN,     NaN,     NaN,     NaN,     NaN,     NaN,0.777778,1,     NaN,     NaN,     NaN,     NaN,     NaN,     NaN,     NaN,     NaN,     NaN,     NaN,     NaN,     NaN,     NaN,     NaN,0.9,1,     NaN,     NaN,     NaN,     NaN,     NaN,     NaN,     NaN,     NaN,     NaN,     NaN,     NaN,     NaN,     NaN,     NaN,1,0.888889,     NaN,     NaN,     NaN,     NaN,     NaN,     NaN,     NaN,     NaN,     NaN,     NaN,     NaN,     NaN,     NaN,     NaN
52,2021-07-14_19:50:42,2,640,138550,0.929688,0.925987,0,0,0,,501.778873,498.355474,525.083453,504.529655,,0.928105,0.901316,0.932886,0.941558,,1,1,1,,45,45,45,,2,2,2,,,,somewhat; from outside factors such as family members being present in the room;,perhaps if lockdown restrictions weren't in place; an experiment version where eye-tracking software was used might appeal to the researcher,,,534.666667,555.925,580.885714,585.65,490.2375,469.0625,448.425,511.377778,500.1,512.388889,475.522222,438.78,532.144444,431.388889,488.977778,485.37,600.944444,523.725,538.577778,537.6875,480.78,498.7875,446.31,474.425,492.9,474.36,462.06,455.9875,520.722222,470.342857,495.9375,509.914286,618.58,573.4375,610.325,586.13,541.6125,508.477778,535.9875,500.1625,473.977778,499.644444,486.53,481.3875,490.528571,488.6,524.033333,469.5,538.125,554.922222,581.77,544.45,499.766667,510.766667,492.144444,506.6,481.69,502.9,468.6125,464.366667,518.475,426.988889,467.4,504.488889,,0.9,0.888889,0.777778,1,0.888889,0.888889,0.8,0.9,1,1,1,1,1,0.9,0.9,1,0.9,0.888889,0.9,1,1,0.8,1,0.888889,0.888889,1,1,0.888889,0.9,0.875,0.8,0.7,1,0.8,0.888889,1,0.8,1,1,0.888889,1,1,1,0.888889,0.777778,1,1,0.888889,1,0.9,1,1,1,0.9,0.9,0.9,1,1,0.888889,0.9,0.8,0.9,1,1
53,2021-07-14_20:57:41,1,640,116105,0.95,0.950577,0,1,1,,750.04966,701.151064,682.014085,673.92449,,0.97351,0.952703,0.934211,0.942308,,0,1,1,,320,330,35,,2,1,3,,,,Construction noise;,,,,962.6,745.6,796.277778,758.4,825.61,721.13,756.2,787.871429,658.871429,739.46,689.19,719.86,629.31,669.16,754.811111,827.211111,800.111111,698.022222,759.833333,729.244444,732.144444,653.955556,727.533333,751.68,665.8,700.575,683.8,724.36,666.311111,632.8625,593.722222,673.7125,901.61,704.377778,773.64,691.911111,700.625,641.55,712.355556,693.39,657.3375,617.99,616.044444,693.825,614.388889,587.785714,604.575,643.02,763.36,698.3875,689.622222,812.3125,685.46,623.525,647.76,717.575,676.66,648.76,624.475,664.94,610.44,628.033333,666.06,640.377778,,0.888889,1,1,1,1,1,1,0.875,0.777778,1,1,1,1,1,1,1,1,1,1,0.9,0.9,1,1,1,0.888889,1,0.888889,1,1,0.888889,0.9,0.888889,1,1,1,0.9,1,0.8,0.9,1,0.8,1,0.9,1,1,0.777778,0.888889,1,1,0.8,1,0.888889,1,0.888889,1,0.8,1,1,0.888889,1,1,0.9,1,0.9
54,2021-07-15_00:40:23,1,640,155808,0.970313,0.96875,0,0,0,,486.403333,490.379592,498.816438,493.415753,,0.974026,0.960784,0.979866,0.960526,,1,1,1,,450,400,40,,1,2,3,,,,Not at all ;,A very interesting experience! ,,,580.522222,554.2125,486.66,439.866667,500.64,495.511111,482.87,489.19,494.5,461.9,462.3,461.411111,478.588889,473.84,477.588889,455.655556,557.7625,548.7,515.4,516.13,494.222222,506.633333,445.977778,520.055556,495.755556,481.033333,486.411111,462.22,445.32,453.32,471.74,461.0875,579.0375,543.08,531.977778,503.76,530.344444,504.833333,516.655556,521.88,464.688889,461.022222,465.155556,440.075,451.25,482.24,510.6375,477.222222,603.32,514.74,582.9125,527.2,490.022222,447.222222,485.25,525.642857,481.11,458.344444,457.225,489.5,458.211111,446.7125,487.58,442.04,,0.9,0.888889,1,1,1,1,1,1,0.9,1,1,1,1,1,1,0.9,0.888889,1,1,1,1,0.9,1,0.9,1,0.9,0.9,1,1,1,1,0.888889,0.888889,1,1,1,1,1,1,1,1,1,1,0.888889,1,1,0.888889,1,1,1,0.8,1,0.9,0.9,1,0.875,1,1,0.888889,1,1,1,1,1
55,2021-07-15_19:46:53,1,640,116052,0.923438,0.929276,0,0,0,,650.387586,667.917143,677.197222,639.916176,,0.960265,0.909091,0.941176,0.906667,,1,1,1,,400,350,30,,1,2,3,,,,no;,not really,,,830.255556,721.622222,700.15,715.3,656.84,667.08,630.244444,613.655556,580.55,597.67,577.355556,657.355556,607.066667,569.271429,638.9625,632.888889,777.23,683.94,725.011111,774.977778,661.871429,681.77,682.85,621.88,630.122222,646.488889,624.6,667.233333,582.485714,621.122222,628.725,634.4625,764.4,748.911111,789.66,770.2,730.35,711.825,671.422222,621.533333,581.3,649.555556,616.288889,623.775,626.011111,660.922222,629.35,624.5,823.833333,712,736.7,716.488889,643.188889,653.455556,634.055556,598.4125,599.342857,596.685714,611.0125,572.9,596.266667,549.475,623.542857,538.611111,,1,1,1,1,1,1,0.9,0.9,1,1,1,0.9,1,0.875,0.888889,0.9,1,1,0.9,1,0.777778,1,0.888889,1,0.9,1,0.8,0.9,0.777778,0.9,0.8,0.888889,1,1,1,0.9,1,0.888889,0.9,0.9,1,0.9,1,1,0.9,0.9,0.8,1,0.9,0.9,0.9,1,1,1,1,1,0.875,0.777778,0.8,1,0.9,0.8,0.777778,0.9
56,2021-07-16_16:04:13,6,640,154334,0.94375,0.940789,0,0,0,,482.358156,491.279195,473.177857,455.99507,,0.952703,0.973856,0.909091,0.928105,,1,1,1,,455,445,47,,1,2,3,,,,No; there were minimal/no distractions;,Fun! Surprised by how fast I can recognise the diamond box but I think I was more looking for horizontal/vertical lines than the diamond box itself. ,,,580.66,545.325,501.7,459.6,493.39,483.6625,490.59,466.42,488.725,453.444444,436.8,485.5125,438.014286,460.457143,486.933333,426.533333,512.788889,540.155556,497.74,464.955556,464.655556,457.67,509.022222,495.077778,455.25,486.46,496.425,505.888889,505.21,505.49,487.855556,480.822222,522.788889,509.033333,471.728571,452.655556,435.4625,490.27,491.7,464.2375,475.922222,491.055556,490.333333,438.666667,460.73,420.1,451.744444,505.6,546.3875,490.14,461.775,413.9625,485.088889,437.94,441.266667,415.4,456.53,463.416667,409.01,450.911111,460.74,455.888889,463.885714,456.6,,1,0.888889,1,1,1,1,1,1,1,0.9,1,0.888889,0.875,0.875,0.9,0.9,1,1,1,0.9,1,1,0.9,1,1,1,0.888889,1,1,1,0.9,1,0.9,0.9,0.777778,0.9,0.888889,1,1,0.888889,0.9,0.9,0.9,0.9,1,0.9,1,0.777778,0.888889,1,0.888889,0.888889,0.9,1,1,0.9,1,0.75,1,0.9,1,0.9,0.777778,1
57,2021-07-16_20:40:52,4,640,98200,0.915625,0.914191,1,1,2,,762.885496,751.477941,742.802721,690.292857,,0.885135,0.912752,0.942308,0.915033,,1,1,1,,2342,5890,2500,,3,1,2,,,,No;,No,,,770.625,954,756,824.125,728.777778,716.6,893.333333,811.125,637.888889,764.875,699.714286,723,742.571429,703.714286,743.625,733.111111,791.5,639.857143,766.714286,737.555556,816.111111,732.5,776.444444,724.75,676.5,817.555556,760.142857,726.571429,779.375,763.6,741.3,735,820.5,794,666.5,805.8,760.6,855.7,786.9,693.8,654.1,688.75,812.5,623.555556,688.777778,834.875,699.5,672.222222,819.857143,735.428571,670,766.1,710.888889,684.333333,773.5,632.888889,536.666667,730.875,704.888889,636.888889,600.8,728.25,682.2,667.333333,,0.888889,0.8,0.9,0.888889,1,1,1,0.888889,1,0.8,0.777778,0.777778,0.777778,0.777778,0.888889,1,1,0.777778,0.7,1,0.9,1,1,0.888889,0.888889,1,0.777778,0.777778,0.888889,1,1,1,1,1,0.888889,1,1,1,1,1,1,0.888889,0.8,0.9,0.9,0.888889,0.888889,0.9,0.777778,0.777778,0.875,1,1,0.9,1,0.9,0.9,0.8,1,0.9,1,0.8,1,1
58,2021-07-17_01:12:37,6,640,19734,0.446875,0.546559,30,84,114,,792.0625,766.076712,870.573134,786.457576,,0.542373,0.584,0.507576,0.554622,,1,1,1,,4,4,5,,2.5,2.5,1,,,,I was distracted during the task.;,The experiment had too many trials.,,,1043.6,617.733333,979.666667,767,715.22,635.34,947.75,419.075,921.02,979,689.266667,744.066667,492.95,509.9,1023.133333,1006.2,967.783333,773.05,495.425,838.683333,832.357143,792.8,1011.55,317.5,583.85,809.466667,783.325,640.033333,840.15,821.125,484.5,819.475,1138.088889,851.58,1191.6,951.928571,685.783333,595.36,706.1,216.75,822,835.375,943.033333,475.833333,480.166667,1335.72,878.6,851.85,1200.18,754.9,990.55,600.466667,832.425,678.9,711.3,373.26,1004.6,543.633333,1176.075,463.333333,710.25,795.783333,1153.45,     NaN,,0.777778,0.666667,0.375,0.571429,0.714286,0.555556,0.333333,0.571429,0.555556,0.857143,0.6,0.375,0.571429,0.166667,0.375,0.5,0.666667,0.6,0.444444,0.6,0.777778,0.75,0.75,0.5,0.571429,0.6,1,0.5,0.5,0.571429,0.142857,0.5,0.9,0.5,0.444444,0.7,0.666667,0.555556,0.142857,0.222222,0.625,0.571429,0.6,0.333333,0.333333,0.5,0.5,0.4,0.5,0.428571,0.5,0.666667,0.888889,0.777778,0.625,0.555556,0.6,0.5,0.571429,0.375,0.333333,1,0.285714,0
59,2021-07-17_02:26:56,4,640,127230,0.967187,0.971993,0,1,1,,657.726,673.260839,645.015436,569.47973,,0.986842,0.959732,0.973856,0.96732,,1,1,1,,3000,7000,1000,,2,1,3,,,,macbook;,its fun,,,721.57,555.7625,671.366667,708.455556,747.42,665.67,629.33,592.422222,653.777778,685.6,673.022222,637.54,584.9,691.555556,611.67,673.09,606.044444,638.366667,734.388889,718.066667,811.28,621.37,731.3125,640.8375,722.59,606.133333,627.366667,717.744444,594.411111,548.95,786.025,653.8,608.76,579.11,631.011111,843.74,642.3,733.666667,648.811111,569.03,589.711111,650.0375,647.76,611.97,635.12,622.144444,687.49,613.8375,629.733333,593.31,590.34,584.6,599.566667,570.0875,565.488889,541.3,572.81,525.033333,546.51,529.6375,511.533333,649.66,554.666667,529.666667,,1,1,1,1,1,1,1,1,1,0.9,1,1,1,0.9,1,1,1,0.9,1,1,1,1,0.888889,0.888889,1,1,1,0.9,1,1,0.888889,0.9,1,1,1,1,0.888889,1,1,1,1,0.888889,1,1,1,0.9,1,0.888889,1,1,1,1,1,0.888889,0.9,0.9,1,0.9,1,1,0.9,1,1,1
60,2021-07-17_13:06:30,2,640,109894,0.929688,0.943522,1,5,6,,717.929286,706.341096,745.569065,713.15035,,0.927152,0.960526,0.926667,0.959732,,0.5,0.5,0,,5000,3000,1000,,1,2,3,,,,no;,no,,,809.411111,749.614286,866.825,1128.211111,641.0125,825.166667,665.05,644.25,567.6,660.52,694.24,696.775,628.9,632.611111,645.511111,638.477778,823.4,680.825,779.975,924.488889,748.16,756.36,731.614286,734.966667,632.52,697.11,647.42,673.644444,723.5,662.99,594.27,565.66,967.377778,783.633333,913.844444,896.92,799.3875,797.877778,656.114286,691.077778,737.244444,565.322222,695.885714,718.15,650.3,667.842857,666.122222,664.45,994.883333,663.74,802.366667,850.683333,668.55,793.8,697.47,749.277778,697.444444,708.885714,652.25,655.44,655.14,666.16,696.433333,633.722222,,0.9,0.777778,0.888889,1,0.888889,0.9,0.888889,1,0.888889,1,1,0.888889,0.9,0.9,1,1,0.777778,0.888889,0.888889,0.9,1,1,0.875,1,1,1,1,1,1,1,1,1,0.9,0.9,0.9,1,0.888889,1,0.777778,0.9,1,0.9,0.875,1,0.888889,0.875,1,1,0.857143,1,1,0.75,1,1,1,1,0.9,0.875,1,1,1,1,0.9,1
61,2021-07-17_12:02:43,2,640,137412,0.96875,0.973684,0,0,0,,611.970946,608.585235,581.12649,575.690972,,0.973684,0.980263,0.974194,0.966443,,0.5,1,1,,400,380,40,,1,2,3,,,,Not really; only by occasionally checking my phone;,I think I killed it\n,,,604.23,605.8,599.511111,673.133333,646.811111,615.455556,668.75,573.544444,716.56,616.19,585.3,581.73,568.1,579.555556,602.2875,543.92,576.3,690.444444,646.288889,637.98,674.2625,653.46,616.966667,640.77,638.255556,542.21,559.71,557.088889,564.84,607.06,585.36,555.077778,642.37,651.02,589.54,617.99,577.57,577.177778,574.2,568.8375,623.755556,537.61,520.755556,519.79,579.03,567.755556,615.24,515.625,633.48,631.4125,602.444444,654.311111,539.46,590.8625,564.83,557.4,575.78,545.3375,551.06,546.711111,529.5875,554.944444,621.966667,510.355556,,1,1,1,1,0.9,0.9,1,0.9,1,1,1,1,1,1,0.888889,1,0.875,0.9,0.9,1,1,1,1,1,1,1,1,1,1,1,1,1,1,1,1,1,1,1,1,0.888889,1,1,0.9,1,1,0.9,1,0.888889,1,0.888889,1,1,1,0.888889,1,0.888889,1,1,1,1,0.888889,1,1,0.9
62,2021-07-18_15:56:32,5,80,0,0.9375,0.96,0,1,1,,748.229412,799.1,815.726316,704.5375,,0.944444,1,1,0.888889,,     NaN,     NaN,     NaN,,     NaN,     NaN,     NaN,,0,0,0,,,,,,,,809,679.8625,     NaN,     NaN,     NaN,     NaN,     NaN,     NaN,     NaN,     NaN,     NaN,     NaN,     NaN,     NaN,     NaN,     NaN,908.39,689.81,     NaN,     NaN,     NaN,     NaN,     NaN,     NaN,     NaN,     NaN,     NaN,     NaN,     NaN,     NaN,     NaN,     NaN,759.71,877.966667,     NaN,     NaN,     NaN,     NaN,     NaN,     NaN,     NaN,     NaN,     NaN,     NaN,     NaN,     NaN,     NaN,     NaN,657.4625,751.6125,     NaN,     NaN,     NaN,     NaN,     NaN,     NaN,     NaN,     NaN,     NaN,     NaN,     NaN,     NaN,     NaN,     NaN,,1,0.888889,     NaN,     NaN,     NaN,     NaN,     NaN,     NaN,     NaN,     NaN,     NaN,     NaN,     NaN,     NaN,     NaN,     NaN,1,1,     NaN,     NaN,     NaN,     NaN,     NaN,     NaN,     NaN,     NaN,     NaN,     NaN,     NaN,     NaN,     NaN,     NaN,1,1,     NaN,     NaN,     NaN,     NaN,     NaN,     NaN,     NaN,     NaN,     NaN,     NaN,     NaN,     NaN,     NaN,     NaN,0.888889,0.888889,     NaN,     NaN,     NaN,     NaN,     NaN,     NaN,     NaN,     NaN,     NaN,     NaN,     NaN,     NaN,     NaN,     NaN
63,2021-07-18_16:13:28,3,640,129149,0.984375,0.983553,0,0,0,,675.264,692.461905,662.019079,619.65302,,0.993377,0.98,0.974359,0.986755,,1,1,1,,5418,5418,5418,,2,2,2,,,,no;,...,,,703,666.05,722.88,705.4,659.37,727.26,692.333333,706.35,700.922222,634.377778,640.49,616.177778,724.81,672.2,612.23,617.488889,676.422222,867.977778,698.9,745.233333,793.75,730.15,622.29,721.23,637.322222,677.233333,684.25,638.544444,720.688889,660.611111,602.822222,614.544444,679.666667,671.77,685.13,665.22,676.83,686.133333,671.166667,663.98,665.16,684.67,790.8375,661.944444,590.76,633.73,575.911111,606.033333,606.2,625.1625,628.644444,659.76,689.888889,640.825,605.277778,617.933333,618.14,679.8,684.255556,578.57,577.466667,544.73,579.66,590.68,,1,1,1,1,1,1,1,1,1,1,1,1,1,0.888889,1,1,1,0.9,1,1,0.888889,1,1,1,1,1,1,1,1,1,1,0.9,0.9,1,1,1,1,0.9,1,1,1,1,0.888889,0.9,1,1,1,1,1,1,1,1,1,1,0.9,0.9,1,1,1,1,1,1,1,1
64,2021-07-19_13:35:49,5,640,132823,0.95625,0.955592,0,0,0,,621.616438,612.696552,620.39726,595.541667,,0.973333,0.960265,0.948052,0.941176,,0.5,1,1,,380,412,35,,2,1,3,,,,no;,no,,,639.75,595.1,721.333333,638.75,634.6,711.888889,599.222222,578.2,623,652.333333,598,585.333333,609.7,617.3,571.2,580.625,602.6,597.666667,653.444444,642,594.111111,643.333333,663.7,583.7,556.625,835.571429,566.888889,597.5,585.888889,554,607.8,556,634,573.777778,647.8,743.444444,597,603.2,672.75,653,592,673.7,580.5,638.333333,569.875,562.9,607.777778,577.625,634.444444,590.5,516.5,649.222222,626.75,644.222222,608.3,595.888889,563.7,636.9,572.444444,568.7,586.888889,605.1,581.888889,523.222222,,1,1,1,0.888889,1,1,0.9,1,1,0.9,1,1,1,1,1,0.888889,1,1,0.9,0.9,0.9,1,1,1,0.888889,0.875,0.9,1,1,1,1,1,1,0.9,1,1,0.9,1,1,0.888889,0.9,1,1,1,0.8,1,1,0.8,0.9,0.888889,0.666667,0.9,1,0.9,1,1,1,1,0.9,1,1,1,1,0.9
65,2021-07-19_13:40:08,6,640,106050,0.973437,0.975248,0,2,2,,801.770507,774.772363,801.763456,750.294459,,0.961039,0.979866,1,0.961039,,0,0,1,,25,30,33,,3,2,1,,,,No;,no,,,1120.426667,754.485,1198.151111,872.756667,707.692778,849.989286,748.442222,836.61,789.3995,773.2375,732.279,818.397778,582.958333,712.4915,707.8275,671.776667,1100.210556,853.373889,1037.067143,837.436,757.29,794.67,797.874,682.2805,714.121,825.482778,713.617778,700.001111,622.5695,689.383125,676.363889,651.9575,1122.78375,934.181111,1015.056,773.393889,975.973125,894.3495,834.315,715.691,705.215625,732.935556,720.963333,815.651,600.3555,690.779,723.8695,651.136,1082.228,721.437222,960.45125,754.3235,824.326111,685.6525,748.287222,755.2,744.9495,685.493889,663.3035,770.3865,605.957222,674.899,655.7275,666.1715,,0.9,1,0.9,1,0.9,0.777778,0.9,1,1,1,1,1,1,1,1,1,1,1,0.875,1,0.9,1,1,1,1,1,1,1,1,1,1,0.888889,1,1,1,1,1,1,1,1,1,1,1,1,1,1,1,1,1,0.9,0.8,1,0.9,1,1,1,1,0.9,1,1,1,1,0.888889,1
66,2021-07-20_01:21:43,1,640,119036,0.9125,0.911038,1,0,1,,583.834783,590.447101,575.069014,576.77037,,0.884615,0.907895,0.928105,0.924658,,0.5,0.5,1,,380,390,36,,2,1,3,,,,No;,Tiring,,,753.644444,746.85,630.34,564.133333,550.0375,557.7375,543.866667,599.61,599.577778,541.64,553.9,532.6,483.325,571.842857,514.211111,536.25,730.85,673.588889,619.8,610.54,556.9125,600.766667,585.688889,546.9875,575.4,548.9125,548.011111,569.22,514.3,695.233333,541.814286,510.3,851.7,722,715.355556,572.975,534.166667,619.5,489.39,541.322222,567.42,573.65,512.577778,487.833333,530.02,563.4625,497.325,471.61,732.52,619.311111,631.844444,531.99,612.888889,620.0625,564.875,531.9,573.6,518.525,618.725,496.575,511.6,600.0875,509.9875,504.988889,,0.9,1,1,0.9,0.8,0.8,0.9,1,0.9,1,0.6,0.888889,0.8,0.777778,1,0.888889,0.888889,0.9,0.9,1,0.888889,0.9,1,0.8,0.888889,0.888889,1,1,0.9,0.9,0.777778,0.888889,1,0.777778,1,1,1,1,1,0.9,1,0.8,0.9,0.9,1,0.8,0.8,1,1,1,1,1,0.9,0.888889,0.888889,0.875,1,1,0.888889,0.888889,0.875,0.888889,0.8,0.9
67,2021-07-20_17:47:33,2,640,125416,0.957812,0.962046,0,2,2,,646.287755,686.84726,685.001379,685.102069,,0.967105,0.966887,0.966667,0.947712,,0,1,1,,390,420,30,,2,1,3,,,,My phone rang as I did not have it on silent. Also have younger siblings so could hear them yelling from my room. ;,,,,769.577778,689.99,871.9125,733.788889,605.6875,682.733333,767.23,585.833333,582.73,597.55,556.45,643.43,604.4375,560.8,567.74,542.38,847.69,800.0875,825.444444,669.866667,783.844444,652.22,751.466667,736.814286,683.3,687.511111,554.6125,685.044444,638.622222,559.84,596.7,551.07,1066.6875,751,733.628571,627.733333,672.01,631.4875,818.75,747.51,655.87,582.944444,628.155556,664.23,679.522222,611.53,602.75,565.688889,798.633333,663.122222,818.17,713.31,678.3,660.3,817.81,792.625,752.625,657.277778,604.9,586.0625,672.2,557.88,582.8,583.9125,,1,1,0.8,1,1,0.9,1,0.9,1,1,1,1,1,0.875,1,1,1,0.888889,1,0.9,0.9,1,0.9,1,1,1,1,1,0.9,1,1,1,0.888889,0.9,0.875,1,1,1,1,1,1,1,0.9,1,0.9,1,1,1,0.9,1,1,1,1,1,1,0.8,1,0.9,1,0.888889,0.8,1,1,0.888889
68,2021-07-21_18:52:29,5,640,110524,0.948438,0.947282,0,1,1,,722.482609,730.428966,689.074834,664.193617,,0.92,0.947712,0.961783,0.959184,,0,0,1,,230,340,41,,2,1,3,,,,The noise that plays randomly was very distracting but I'm pretty sure that was part of the experiment. ;,Cool experiment; one way to improve I guess could be to ask research participants to clean their screens because after a while I found smudge on my screen which helped me focus a lot easier.,,,894.4625,720.066667,708.7375,800.071429,725.855556,693,784.766667,818.022222,613.3625,696.05,783.1,704.233333,624.577778,615.71,702.166667,702.9,1010.842857,873.25,786.166667,847.877778,643.76,733.722222,811.75,684.3,692.84,759.733333,648.344444,774.075,591.24,728.188889,594.19,624.988889,820.6875,798.15,759.23,818.5,758.144444,702.21,655.622222,650.65,657.42,727.155556,644.59,704.24,599.7,615.17,558.388889,592.155556,1107.857143,733.455556,733.05,685.3,729.433333,651.571429,674.92,669.955556,541.888889,643.2125,651.144444,600.94,593.6,531.366667,618.4125,570.87,,0.8,0.666667,0.888889,0.777778,0.9,1,1,1,0.888889,0.8,1,1,1,1,1,1,0.7,0.8,1,0.9,1,1,1,0.9,1,1,1,0.888889,1,1,1,1,0.8,1,1,0.888889,1,1,1,1,1,0.9,1,1,1,1,0.9,0.9,0.875,1,0.888889,1,1,0.777778,1,1,1,0.888889,1,1,1,1,0.888889,1
69,2021-07-22_00:30:47,3,640,95929,0.84375,0.862944,1,16,17,,679.136719,667.670161,681.033071,662.438931,,0.85906,0.867133,0.852349,0.873333,,1,1,0.5,,1000,600,200,,1,2,3,,,,yes;,no,,,689.725,704.75,777.2,663.355556,646.9625,640.7,769.166667,682.216667,628.08,600.3875,624.111111,609.9875,556.06,808.2,765.1125,624.277778,712.1,653.4,782.466667,803.4,858.6,751.783333,608.975,645.3625,576.742857,687.744444,537.1875,588.625,575.94,705.633333,638.714286,566.371429,718.533333,696.733333,804.8,647.557143,676.066667,755.822222,782.6375,608.642857,561.1625,615.7625,571.3125,664.477778,648.788889,846.711111,611.575,664.311111,705.671429,570.77,598.622222,744.575,589.757143,755.4625,638.833333,637.07,672.133333,690.9625,651.857143,597.125,657.966667,655.614286,786.157143,695.5875,,1,0.666667,1,0.9,0.8,0.666667,0.9,0.75,1,0.888889,1,0.8,0.555556,1,0.888889,0.9,0.888889,0.75,0.75,1,1,0.75,0.888889,0.8,0.777778,0.9,0.888889,1,1,1,0.777778,0.7,0.9,0.857143,0.875,0.7,0.666667,0.9,0.888889,0.7,0.888889,0.888889,0.8,0.9,0.9,1,0.8,1,0.777778,1,1,0.888889,0.875,1,0.9,1,0.9,0.8,0.7,0.8,1,0.7,0.777778,0.888889
70,2021-07-22_11:30:17,6,640,129489,0.946875,0.952303,0,0,0,,644.831293,635.719463,639.067143,612.887413,,0.97351,0.96129,0.952381,0.922581,,1,1,1,,380,450,0,,2,1,3,,,,Due to repeating it numerous times; there were moments where i couldn't focus properly and got a lot of errors towards the end;,It was a very engaging and entertaining experiment. I had an absolute blast participating in this experiment. Thanks for the opportunity.,,,715.2,734.788889,661.45,666.822222,657.8125,671.955556,608.87,661.7,598.55,621.59,617.66,595,597.8,672.53,669.8375,573.225,691.633333,675.91,678.755556,642.222222,640.222222,720.99,595.94,570.86,695.455556,646.822222,646.75,562.53,576.588889,572.055556,681.711111,585.67,671.7625,725.9625,633.566667,650.144444,630.56,735.211111,632.475,616.255556,640.833333,671.72,541.71,550.45,630.985714,611.488889,657.277778,633.05,691.2,600.655556,648.1625,770.9,658.27,644.211111,569.86,615.6625,571.011111,566.588889,548.877778,570.35,571.188889,594.1,591,593.4,,1,1,0.888889,1,0.888889,1,1,1,1,1,1,1,1,1,0.888889,0.888889,0.9,1,0.9,0.9,1,1,1,1,0.9,1,1,1,1,0.9,0.9,1,1,0.8,1,1,1,1,1,1,1,1,1,1,0.7,1,1,0.8,0.9,1,0.8,0.9,1,0.9,1,0.8,1,1,0.9,0.8,0.9,1,0.9,1
71,2021-07-22_23:43:25,1,240,0,0.891667,0.919643,1,3,4,,698.208,745.590196,716.966038,758.834615,,0.877193,0.944444,0.929825,0.928571,,     NaN,     NaN,     NaN,,     NaN,     NaN,     NaN,,0,0,0,,,,,,,,637.275,687.95,738.255556,666.542857,790.11,637.175,     NaN,     NaN,     NaN,     NaN,     NaN,     NaN,     NaN,     NaN,     NaN,     NaN,825.08,660.63,758.82,767.877778,863.175,654.322222,     NaN,     NaN,     NaN,     NaN,     NaN,     NaN,     NaN,     NaN,     NaN,     NaN,748.62,909.083333,657.74,677.825,742.266667,637.81,     NaN,     NaN,     NaN,     NaN,     NaN,     NaN,     NaN,     NaN,     NaN,     NaN,707.875,834.1125,764.488889,734.511111,862.3,673.41,     NaN,     NaN,     NaN,     NaN,     NaN,     NaN,     NaN,     NaN,     NaN,     NaN,,0.8,0.8,1,0.7,1,1,     NaN,     NaN,     NaN,     NaN,     NaN,     NaN,     NaN,     NaN,     NaN,     NaN,0.714286,1,1,1,1,0.9,     NaN,     NaN,     NaN,     NaN,     NaN,     NaN,     NaN,     NaN,     NaN,     NaN,1,0.75,1,0.888889,0.9,1,     NaN,     NaN,     NaN,     NaN,     NaN,     NaN,     NaN,     NaN,     NaN,     NaN,0.8,0.8,1,1,1,1,     NaN,     NaN,     NaN,     NaN,     NaN,     NaN,     NaN,     NaN,     NaN,     NaN
72,2021-07-23_10:02:13,1,640,114491,0.946875,0.948929,1,0,1,,713.124306,701.005517,727.059155,718.792414,,0.953642,0.947712,0.940397,0.953947,,0.5,1,1,,300,325,28,,2,1,3,,,,No. ;,Nice reward system; keeps participants more engaged. ,,,834,949.871429,755.375,643.655556,751.04,710.9,725.14,714.72,619.76,654.1,822.077778,700.25,690.733333,651.3125,608.61,657.388889,863.43,975.775,669.18,623.4,707.266667,676.988889,724.277778,700.6125,668.325,605.222222,693.833333,671.92,660.933333,721.57,651.41,612.122222,771.14,962.1375,708.5625,557.877778,928.955556,744.788889,684.29,843.85,689.166667,599.4,658.4375,608.43,671.2125,861.855556,637.0875,746.188889,714.411111,937.54,821.36,775.255556,761.055556,748.911111,729.928571,666.6,652.722222,673.95,653.275,666.775,657.86,647.45,751.98,601.255556,,0.888889,0.875,0.888889,1,1,1,1,1,1,1,0.9,0.888889,1,0.888889,1,0.9,1,0.8,1,0.8,1,0.9,1,0.888889,0.888889,1,1,1,0.9,1,1,1,1,0.8,0.888889,0.9,1,1,1,0.888889,0.9,1,0.8,1,0.888889,1,1,1,1,1,1,1,0.9,1,0.875,1,1,1,0.888889,0.888889,1,0.8,1,0.9
73,2021-07-25_22:59:48,4,640,124349,0.925,0.927632,0,0,0,,627.891667,626.272662,621.788652,587.745714,,0.941176,0.939189,0.933775,0.897436,,1,1,1,,5800,4000,2000,,1,2,3,,,,NO;,very interesting - coloured circles with slanted lines distracted me more,,,621.8625,647.19,543.333333,583.744444,633.555556,677.475,599.575,629.63,613.422222,603.342857,604.44,575.188889,665.9,618.255556,670.99,737.86,620.14,672.122222,570.57,515.922222,654.8875,730.344444,624.944444,666.3125,628.614286,679.844444,591.5375,557.366667,588.875,680.211111,625.0375,620.5,653.02,626.655556,619.877778,645.1625,545.8625,615.45,691.988889,704.833333,607.15,613.033333,666.7625,512.4375,626.171429,574.66,637.67,596.788889,643.7,619.214286,563.542857,596.533333,535.4,552.577778,574.928571,557.877778,613.88,665.966667,600.59,564.166667,604.622222,586.55,557.4375,570.177778,,0.888889,1,1,0.9,1,1,0.8,1,0.9,0.777778,1,0.9,0.9,1,1,1,1,0.9,1,1,0.888889,0.9,1,0.888889,0.875,1,0.888889,0.9,0.8,1,1,1,1,1,0.9,0.888889,0.8,0.8,0.9,1,1,0.9,0.888889,1,0.875,1,1,1,0.888889,0.777778,0.777778,0.9,1,0.9,0.777778,0.9,1,0.9,1,0.9,0.9,1,0.8,0.9
74,2021-07-26_00:41:54,3,640,107762,0.946875,0.953566,0,5,5,,782.461268,732.905634,693.119863,685.563448,,0.946667,0.940397,0.966887,0.960265,,0,1,1,,370,400,35,,2,1,3,,,,no;,no,,,604.544444,776.7625,828.333333,692.98,709.611111,713.15,835.82,777.222222,841.71,857.275,939.3625,852.1,798.1625,844.733333,792.244444,660.185714,635.2875,706.49,722.833333,674.485714,695.511111,642.166667,635.777778,870.111111,697.077778,675.333333,1020.91,770.73,733.657143,803.122222,703.377778,682.688889,630.73,732.95,835.655556,733.96,656.04,612.833333,661.877778,664.233333,770.655556,651.05,721.622222,748.828571,673.82,739.588889,659.9,608.111111,777.2125,638.34,672.571429,676.288889,693.222222,670.966667,621.677778,705.76,703.811111,705.333333,658.7,713.23,609.788889,721.41,757.18,635.822222,,1,1,1,1,1,1,1,1,1,1,0.888889,1,0.8,0.9,0.9,0.7,0.8,1,0.9,0.777778,1,1,1,0.9,1,0.9,1,1,0.875,1,1,0.9,1,1,0.9,1,1,0.9,1,1,0.9,0.888889,1,0.875,1,1,1,1,0.888889,1,0.777778,1,0.9,1,1,1,1,1,0.888889,1,0.9,1,1,1
75,2021-07-26_13:51:05,5,640,112090,0.957812,0.958882,0,0,0,,772.459589,771.19396,756.006757,717.468571,,0.973333,0.980263,0.954839,0.927152,,0,1,1,,200,300,20,,2,1,3,,,,the noise that went off when you answered correctly on the trial was very distracting. However that was all;,,,,845.375,746.21,657.311111,819.8,675.877778,792,869.79,815.975,802.61,739.977778,789.33,818.56,655.088889,726.4375,717.99,887.911111,822.41,726.777778,617.044444,694.81,745.811111,893.911111,864.055556,866.111111,890.03,732.15,725.533333,734.55,732.288889,732.32,655.644444,886.49,876.53,816.066667,777.9375,714.925,725.53,836.122222,764.744444,817.722222,727.45,760.67,673.655556,709.075,812.85,687.288889,627.24,761.04,730.233333,689.611111,668.455556,643.071429,671.8,821.9,757.63,762.01,752.7125,724.3625,727.766667,751.355556,676.688889,693.2,675.8125,718.6,,0.888889,1,1,1,1,0.9,1,0.888889,1,1,1,1,1,0.888889,1,1,1,1,0.9,1,0.9,1,1,1,1,0.888889,1,1,1,1,1,1,1,0.9,0.888889,0.8,1,0.9,1,0.9,1,1,1,0.888889,1,1,1,1,1,1,0.9,0.7,1,0.888889,1,1,1,0.8,0.9,1,0.9,0.9,0.888889,1
